Transaction_ID,Date,Store_ID,Product_ID,Product_Name,Category,Unit_Price,Quantity_Sold,Discount_Applied,Total_Sales,Payment_Method,Customer_Age,Customer_Gender,Region,Profit
T100000,2024-01-01,S002,P105,Gadget B,Outdoor,115.99,6,16.94,678.9999999999999,Cash,60,Female,East,178.18
T100001,2024-01-02,S004,P103,Tool C,Electronics,83.92,2,24.77,143.07,UPI,42,Male,South,37.54
T100002,2024-01-03,S004,P103,Tool C,Hardware,255.57,6,25.64,1507.78,Net Banking,43,Male,North,395.67
T100003,2024-01-04,S003,P104,Gadget B,Hardware,164.46,6,18.58,968.18,Credit Card,53,Other,East,254.07
T100004,2024-01-05,S002,P105,Gadget B,Home,154.67,4,30.13,588.55,Cash,51,Other,West,154.45
T100005,2024-01-06,S002,P103,Gadget B,Home,252.08,1,20.17,231.91000000000003,Cash,42,Other,East,60.86
T100006,2024-01-07,S002,P101,Device D,Outdoor,342.51,9,9.99,3072.6000000000004,Net Banking,50,Female,East,806.31
T100007,2024-01-08,S003,P102,Device D,Hardware,211.57,3,41.17,593.5400000000001,Cash,36,Other,North,155.76
T100008,2024-01-09,S004,P103,Tool C,Outdoor,248.53,1,39.85,208.68,Credit Card,45,Other,East,54.76
T100009,2024-01-10,S002,P102,Device D,Hardware,389.66,5,36.53,1911.7700000000002,Credit Card,41,Female,South,501.68
T100010,2024-01-11,S002,P103,Gadget B,Electronics,401.01,6,14.84,2391.22,UPI,20,Female,North,627.5
T100011,2024-01-12,S004,P105,Device D,Outdoor,474.11,9,41.34,4225.65,Cash,24,Female,East,1108.89
T100012,2024-01-13,S003,P101,Tool C,Hardware,57.88,3,7.06,166.58,Credit Card,62,Male,South,43.71
T100013,2024-01-14,S002,P101,Tool C,Hardware,447.8,3,12.65,1330.75,Cash,19,Female,West,349.21
T100014,2024-01-15,S002,P105,Device D,Electronics,269.99,4,48.43,1031.53,UPI,57,Female,West,270.69
T100015,2024-01-16,S003,P101,Device D,Outdoor,304.53,8,24.11,2412.1299999999997,Net Banking,40,Other,South,632.99
T100016,2024-01-17,S002,P103,Device D,Outdoor,157.25,7,35.05,1065.7,UPI,20,Other,North,279.66
T100017,2024-01-18,S001,P104,Widget A,Outdoor,171.02,8,44.11,1324.0500000000002,Cash,51,Male,North,347.45
T100018,2024-01-19,S004,P104,Tool C,Outdoor,394.16,4,10.03,1566.6100000000001,Credit Card,34,Female,North,411.11
T100019,2024-01-20,S004,P103,Tool C,Outdoor,487.9,3,7.01,1456.6899999999998,Cash,39,Female,East,382.26
T100020,2024-01-21,S004,P105,Tool C,Hardware,351.48,6,30.66,2078.2200000000003,Net Banking,49,Male,North,545.36
T100021,2024-01-22,S004,P103,Tool C,Hardware,386.15,7,7.43,2695.62,UPI,53,Female,North,707.38
T100022,2024-01-23,S001,P101,Widget A,Outdoor,313.36,5,1.16,1565.64,Net Banking,57,Male,South,410.85
T100023,2024-01-24,S004,P101,Widget A,Outdoor,300.0,7,31.07,2068.93,Credit Card,53,Female,West,542.92
T100024,2024-01-25,S003,P104,Gadget B,Hardware,373.38,7,15.18,2598.48,Net Banking,62,Male,South,681.89
T100025,2024-01-26,S001,P103,Gadget B,Outdoor,292.64,2,37.32,547.9599999999999,Cash,26,Other,East,143.79
T100026,2024-01-27,S001,P103,Widget A,Hardware,244.92,1,42.13,202.79,UPI,55,Female,South,53.22
T100027,2024-01-28,S004,P103,Device D,Electronics,230.34,6,45.67,1336.37,Cash,58,Male,South,350.69
T100028,2024-01-29,S002,P104,Device D,Electronics,87.18,4,47.03,301.69000000000005,UPI,57,Male,North,79.17
T100029,2024-01-30,S001,P103,Gadget B,Hardware,362.09,9,3.43,3255.38,Credit Card,28,Other,North,854.27
T100030,2024-01-31,S001,P102,Gadget B,Home,377.8,9,36.51,3363.69,UPI,44,Male,West,882.69
T100031,2024-02-01,S004,P101,Widget A,Outdoor,388.78,7,33.72,2687.7400000000002,Cash,48,Male,South,705.31
T100032,2024-02-02,S001,P105,Gadget B,Hardware,262.77,8,38.45,2063.71,UPI,49,Female,North,541.55
T100033,2024-02-03,S003,P103,Device D,Home,250.05,1,3.77,246.28,Net Banking,53,Male,East,64.63
T100034,2024-02-04,S004,P104,Widget A,Home,121.68,3,20.18,344.86,Cash,22,Male,East,90.5
T100035,2024-02-05,S004,P104,Gadget B,Home,98.09,5,1.89,488.56000000000006,Net Banking,58,Other,East,128.21
T100036,2024-02-06,S001,P102,Widget A,Hardware,28.55,3,19.15,66.5,Cash,36,Other,South,17.45
T100037,2024-02-07,S003,P102,Device D,Home,497.03,6,38.3,2943.8799999999997,Net Banking,22,Female,East,772.53
T100038,2024-02-08,S002,P102,Gadget B,Hardware,43.55,5,11.88,205.87,Cash,29,Other,South,54.02
T100039,2024-02-09,S002,P105,Tool C,Outdoor,151.47,8,45.93,1165.83,Credit Card,20,Male,South,305.93
T100040,2024-02-10,S003,P101,Widget A,Electronics,218.76,8,9.08,1741.0,Credit Card,44,Female,South,456.87
T100041,2024-02-11,S002,P101,Tool C,Hardware,39.32,7,42.89,232.35000000000002,UPI,35,Female,West,60.97
T100042,2024-02-12,S002,P103,Device D,Electronics,168.05,2,19.1,317.0,Credit Card,59,Male,South,83.19
T100043,2024-02-13,S003,P103,Widget A,Hardware,266.81,9,28.67,2372.62,UPI,35,Other,South,622.62
T100044,2024-02-14,S001,P105,Widget A,Home,405.12,7,22.15,2813.69,Net Banking,35,Female,North,738.36
T100045,2024-02-15,S004,P104,Tool C,Electronics,315.13,3,31.03,914.36,Net Banking,63,Male,East,239.94
T100046,2024-02-16,S004,P101,Widget A,Electronics,55.95,3,36.24,131.61,Net Banking,64,Male,East,34.54
T100047,2024-02-17,S002,P103,Device D,Electronics,205.35,9,21.69,1826.4599999999998,UPI,61,Other,North,479.3
T100048,2024-02-18,S002,P105,Tool C,Hardware,136.37,3,27.2,381.91,Net Banking,47,Male,South,100.22
T100049,2024-02-19,S002,P103,Widget A,Outdoor,56.63,7,42.14,354.27000000000004,Credit Card,51,Male,South,92.97
T100050,2024-02-20,S002,P101,Gadget B,Hardware,80.19,8,27.75,613.77,UPI,27,Female,West,161.06
T100051,2024-02-21,S002,P104,Tool C,Electronics,329.46,4,24.31,1293.53,Net Banking,39,Female,East,339.45
T100052,2024-02-22,S002,P104,Gadget B,Hardware,324.64,6,35.78,1912.06,Cash,64,Other,South,501.76
T100053,2024-02-23,S001,P102,Tool C,Outdoor,485.47,8,15.0,3868.76,Cash,45,Other,North,1015.23
T100054,2024-02-24,S003,P105,Widget A,Hardware,235.57,3,40.25,666.46,Net Banking,40,Male,West,174.89
T100055,2024-02-25,S003,P103,Gadget B,Home,361.81,1,36.73,325.08,Credit Card,21,Female,West,85.31
T100056,2024-02-26,S001,P101,Widget A,Outdoor,205.9,9,38.03,1815.0700000000002,Net Banking,30,Other,West,476.31
T100057,2024-02-27,S002,P102,Device D,Hardware,32.13,2,45.21,19.050000000000004,Cash,26,Other,West,5.0
T100058,2024-02-28,S003,P104,Gadget B,Electronics,255.94,4,39.84,983.92,UPI,56,Other,North,258.2
T100059,2024-02-29,S003,P104,Widget A,Home,402.18,1,19.62,382.56,Cash,30,Other,East,100.39
T100060,2024-03-01,S002,P102,Gadget B,Electronics,271.92,6,3.54,1627.98,Cash,41,Female,West,427.21
T100061,2024-03-02,S003,P102,Device D,Outdoor,21.11,6,17.39,109.27,UPI,38,Other,West,28.67
T100062,2024-03-03,S004,P102,Widget A,Home,441.53,9,33.43,3940.3399999999997,Credit Card,50,Male,North,1034.02
T100063,2024-03-04,S001,P103,Tool C,Electronics,55.01,1,7.93,47.08,Net Banking,39,Male,East,12.35
T100064,2024-03-05,S002,P104,Gadget B,Outdoor,472.81,1,21.44,451.37,Credit Card,22,Other,North,118.45
T100065,2024-03-06,S004,P101,Tool C,Hardware,449.54,2,27.05,872.0300000000001,Net Banking,38,Female,South,228.84
T100066,2024-03-07,S004,P101,Widget A,Electronics,75.35,1,6.99,68.36,Credit Card,43,Male,East,17.94
T100067,2024-03-08,S001,P103,Tool C,Hardware,225.11,5,9.54,1116.0100000000002,UPI,63,Male,West,292.86
T100068,2024-03-09,S001,P104,Device D,Outdoor,254.46,3,36.52,726.86,UPI,27,Female,East,190.74
T100069,2024-03-10,S002,P103,Gadget B,Hardware,412.76,1,42.81,369.95,Net Banking,47,Female,East,97.08
T100070,2024-03-11,S004,P105,Widget A,Home,331.58,8,40.63,2612.0099999999998,UPI,51,Female,North,685.44
T100071,2024-03-12,S004,P101,Widget A,Hardware,210.01,6,49.02,1211.04,Credit Card,29,Male,East,317.8
T100072,2024-03-13,S001,P102,Gadget B,Outdoor,253.36,7,17.05,1756.47,Credit Card,24,Male,West,460.93
T100073,2024-03-14,S001,P101,Device D,Electronics,118.57,2,36.16,200.98,Net Banking,35,Other,South,52.74
T100074,2024-03-15,S002,P104,Gadget B,Hardware,207.75,5,7.65,1031.1,Credit Card,25,Other,North,270.58
T100075,2024-03-16,S002,P105,Widget A,Hardware,321.21,5,27.95,1578.1,Cash,61,Female,South,414.12
T100076,2024-03-17,S003,P104,Widget A,Electronics,254.18,9,2.82,2284.7999999999997,UPI,45,Other,South,599.57
T100077,2024-03-18,S003,P104,Tool C,Home,341.02,2,6.89,675.15,UPI,23,Other,South,177.17
T100078,2024-03-19,S002,P103,Widget A,Outdoor,31.96,6,37.69,154.07,Cash,21,Male,West,40.43
T100079,2024-03-20,S003,P103,Gadget B,Hardware,440.02,2,49.77,830.27,Net Banking,39,Female,West,217.88
T100080,2024-03-21,S002,P101,Gadget B,Hardware,363.04,3,17.6,1071.5200000000002,Credit Card,62,Other,East,281.19
T100081,2024-03-22,S001,P104,Gadget B,Outdoor,284.33,3,16.12,836.87,Cash,51,Other,West,219.61
T100082,2024-03-23,S003,P103,Gadget B,Home,444.52,3,7.51,1326.05,UPI,47,Other,East,347.98
T100083,2024-03-24,S004,P104,Tool C,Hardware,181.58,1,35.82,145.76000000000002,UPI,26,Male,South,38.25
T100084,2024-03-25,S003,P104,Gadget B,Outdoor,445.42,4,32.14,1749.54,Credit Card,26,Other,West,459.11
T100085,2024-03-26,S001,P103,Gadget B,Hardware,242.07,4,39.18,929.1,Cash,20,Other,South,243.81
T100086,2024-03-27,S003,P101,Device D,Hardware,156.75,3,20.36,449.89,Credit Card,58,Male,North,118.06
T100087,2024-03-28,S003,P105,Gadget B,Hardware,445.87,4,33.5,1749.98,Net Banking,25,Female,West,459.23
T100088,2024-03-29,S003,P104,Device D,Home,259.96,1,42.53,217.42999999999998,Net Banking,24,Male,South,57.06
T100089,2024-03-30,S003,P101,Device D,Home,367.73,7,36.51,2537.6,Net Banking,63,Other,North,665.91
T100090,2024-03-31,S002,P104,Device D,Outdoor,349.5,2,1.48,697.52,Net Banking,28,Other,East,183.04
T100091,2024-04-01,S003,P102,Gadget B,Home,492.88,6,37.79,2919.49,UPI,44,Other,East,766.13
T100092,2024-04-02,S002,P101,Device D,Electronics,459.6,1,44.74,414.86,Cash,63,Female,South,108.87
T100093,2024-04-03,S004,P102,Gadget B,Outdoor,329.72,2,38.48,620.96,UPI,43,Male,West,162.95
T100094,2024-04-04,S003,P102,Tool C,Outdoor,129.49,6,13.97,762.97,UPI,30,Other,West,200.22
T100095,2024-04-05,S002,P102,Gadget B,Home,493.29,9,33.83,4405.780000000001,Net Banking,38,Female,West,1156.16
T100096,2024-04-06,S004,P101,Gadget B,Outdoor,441.87,5,0.29,2209.06,UPI,36,Other,North,579.7
T100097,2024-04-07,S001,P103,Device D,Electronics,110.29,6,39.54,622.2,Cash,34,Other,North,163.28
T100098,2024-04-08,S003,P105,Tool C,Hardware,445.58,2,35.95,855.2099999999999,Net Banking,59,Other,South,224.42
T100099,2024-04-09,S002,P102,Gadget B,Outdoor,25.5,5,24.33,103.17,Cash,50,Female,East,27.07
T100100,2024-04-10,S004,P102,Tool C,Outdoor,365.09,9,43.96,3241.85,Cash,58,Male,West,850.72
T100101,2024-04-11,S002,P104,Device D,Electronics,344.24,8,10.39,2743.53,Net Banking,59,Other,South,719.95
T100102,2024-04-12,S004,P103,Tool C,Electronics,104.8,7,15.46,718.14,Net Banking,35,Other,North,188.45
T100103,2024-04-13,S004,P104,Tool C,Hardware,392.69,4,27.53,1543.23,Credit Card,21,Other,North,404.97
T100104,2024-04-14,S004,P101,Gadget B,Home,419.23,4,43.36,1633.5600000000002,Cash,27,Female,South,428.68
T100105,2024-04-15,S001,P101,Gadget B,Electronics,51.46,1,42.43,9.030000000000001,Cash,53,Male,South,2.37
T100106,2024-04-16,S004,P102,Tool C,Hardware,150.96,8,17.97,1189.71,Net Banking,41,Female,West,312.2
T100107,2024-04-17,S001,P103,Widget A,Hardware,312.9,7,25.27,2165.0299999999997,Credit Card,30,Male,North,568.14
T100108,2024-04-18,S002,P101,Tool C,Hardware,52.72,5,16.41,247.19000000000003,UPI,53,Male,North,64.87
T100109,2024-04-19,S001,P101,Device D,Hardware,93.76,7,46.41,609.9100000000001,Cash,55,Male,North,160.05
T100110,2024-04-20,S002,P101,Device D,Electronics,370.43,9,14.94,3318.93,Credit Card,55,Male,South,870.95
T100111,2024-04-21,S004,P105,Tool C,Hardware,112.02,1,48.59,63.42999999999999,Net Banking,38,Male,East,16.65
T100112,2024-04-22,S004,P105,Gadget B,Outdoor,168.06,8,15.24,1329.24,Cash,62,Other,North,348.82
T100113,2024-04-23,S001,P103,Tool C,Home,282.88,5,39.07,1375.3300000000002,Credit Card,60,Other,North,360.91
T100114,2024-04-24,S001,P103,Device D,Outdoor,124.55,5,3.74,619.01,Credit Card,36,Other,East,162.44
T100115,2024-04-25,S001,P103,Tool C,Home,160.14,1,4.99,155.14999999999998,Cash,50,Female,South,40.71
T100116,2024-04-26,S001,P101,Tool C,Electronics,308.08,4,6.25,1226.07,UPI,49,Female,North,321.74
T100117,2024-04-27,S001,P101,Device D,Outdoor,227.68,8,44.14,1777.3,Net Banking,46,Other,South,466.4
T100118,2024-04-28,S004,P102,Device D,Outdoor,83.93,1,20.97,62.96000000000001,Cash,38,Male,South,16.52
T100119,2024-04-29,S003,P105,Device D,Hardware,45.05,5,45.75,179.5,Cash,23,Other,South,47.1
T100120,2024-04-30,S001,P102,Gadget B,Home,340.53,6,37.05,2006.1299999999999,UPI,46,Male,South,526.44
T100121,2024-05-01,S003,P101,Device D,Hardware,333.55,9,17.64,2984.3100000000004,Cash,20,Male,West,783.14
T100122,2024-05-02,S003,P103,Gadget B,Home,217.36,2,32.86,401.86,Cash,46,Female,East,105.46
T100123,2024-05-03,S004,P101,Device D,Outdoor,200.17,3,6.37,594.14,Net Banking,35,Male,North,155.91
T100124,2024-05-04,S002,P105,Widget A,Home,330.06,6,8.86,1971.5000000000002,UPI,63,Male,South,517.36
T100125,2024-05-05,S001,P103,Tool C,Hardware,315.18,5,6.28,1569.6200000000001,Cash,42,Female,West,411.9
T100126,2024-05-06,S003,P103,Tool C,Home,494.43,2,5.85,983.01,Credit Card,28,Male,West,257.96
T100127,2024-05-07,S003,P105,Device D,Home,499.63,3,23.64,1475.2499999999998,Cash,37,Male,North,387.13
T100128,2024-05-08,S002,P103,Tool C,Electronics,96.41,2,32.64,160.18,UPI,37,Female,North,42.03
T100129,2024-05-09,S002,P102,Gadget B,Hardware,206.81,8,29.82,1624.66,Net Banking,27,Other,North,426.34
T100130,2024-05-10,S002,P103,Gadget B,Electronics,276.88,9,36.13,2455.79,Cash,33,Male,East,644.44
T100131,2024-05-11,S003,P103,Tool C,Hardware,23.77,2,35.94,11.600000000000001,UPI,45,Female,North,3.04
T100132,2024-05-12,S003,P103,Device D,Hardware,277.8,6,19.13,1647.67,Cash,20,Other,East,432.38
T100133,2024-05-13,S002,P104,Widget A,Home,127.37,1,38.0,89.37,Net Banking,54,Male,North,23.45
T100134,2024-05-14,S004,P103,Device D,Electronics,183.09,8,47.94,1416.78,Credit Card,55,Male,South,371.79
T100135,2024-05-15,S004,P103,Widget A,Home,106.4,9,14.83,942.77,Cash,34,Male,North,247.4
T100136,2024-05-16,S002,P103,Widget A,Electronics,78.73,2,23.09,134.37,Net Banking,48,Other,West,35.26
T100137,2024-05-17,S003,P105,Tool C,Electronics,393.53,2,3.69,783.3699999999999,Cash,49,Other,South,205.57
T100138,2024-05-18,S004,P101,Device D,Outdoor,100.57,4,3.98,398.29999999999995,Cash,53,Male,South,104.52
T100139,2024-05-19,S003,P103,Widget A,Hardware,308.2,5,14.93,1526.07,Cash,39,Male,North,400.47
T100140,2024-05-20,S002,P101,Gadget B,Hardware,297.02,3,33.56,857.5,UPI,52,Male,North,225.02
T100141,2024-05-21,S001,P103,Tool C,Hardware,446.14,5,23.92,2206.7799999999997,Net Banking,61,Male,North,579.1
T100142,2024-05-22,S004,P102,Gadget B,Home,451.29,9,9.8,4051.81,Cash,29,Male,North,1063.27
T100143,2024-05-23,S002,P105,Device D,Outdoor,37.52,1,41.12,-3.5999999999999943,Credit Card,22,Other,East,-0.94
T100144,2024-05-24,S004,P105,Tool C,Home,299.58,9,39.34,2656.8799999999997,Cash,37,Female,South,697.21
T100145,2024-05-25,S001,P103,Tool C,Home,346.02,2,33.01,659.03,Net Banking,54,Male,East,172.94
T100146,2024-05-26,S004,P105,Device D,Outdoor,154.68,9,27.69,1364.43,UPI,60,Male,East,358.05
T100147,2024-05-27,S003,P101,Gadget B,Hardware,185.69,6,15.72,1098.4199999999998,Net Banking,23,Male,South,288.25
T100148,2024-05-28,S002,P101,Device D,Outdoor,430.12,7,10.22,3000.6200000000003,Net Banking,36,Male,North,787.42
T100149,2024-05-29,S004,P102,Widget A,Home,202.26,9,6.89,1813.4499999999998,Credit Card,29,Male,East,475.88
T100150,2024-05-30,S002,P104,Device D,Electronics,173.89,1,33.45,140.44,Credit Card,29,Male,South,36.85
T100151,2024-05-31,S002,P104,Device D,Home,70.72,6,45.89,378.43,Credit Card,22,Male,North,99.31
T100152,2024-06-01,S002,P103,Tool C,Outdoor,134.18,7,1.25,938.01,Net Banking,40,Female,West,246.15
T100153,2024-06-02,S003,P102,Gadget B,Hardware,261.5,5,30.51,1276.99,UPI,20,Female,South,335.11
T100154,2024-06-03,S001,P101,Device D,Home,238.84,4,10.7,944.66,Cash,26,Female,South,247.9
T100155,2024-06-04,S001,P101,Gadget B,Home,287.98,5,16.35,1423.5500000000002,Cash,31,Other,West,373.57
T100156,2024-06-05,S003,P101,Tool C,Outdoor,17.93,8,48.18,95.25999999999999,Credit Card,49,Female,North,25.0
T100157,2024-06-06,S004,P103,Device D,Electronics,456.79,4,47.47,1779.69,Cash,48,Male,North,467.02
T100158,2024-06-07,S002,P105,Widget A,Electronics,245.35,8,32.31,1930.49,Cash,49,Female,East,506.6
T100159,2024-06-08,S002,P105,Gadget B,Home,413.25,2,35.68,790.82,Credit Card,47,Other,North,207.53
T100160,2024-06-09,S004,P102,Device D,Hardware,401.98,5,31.78,1978.1200000000001,Credit Card,50,Other,South,519.09
T100161,2024-06-10,S003,P102,Widget A,Home,493.52,2,27.9,959.14,UPI,59,Female,North,251.7
T100162,2024-06-11,S004,P103,Device D,Electronics,241.4,7,46.89,1642.9099999999999,Net Banking,20,Female,West,431.13
T100163,2024-06-12,S002,P105,Tool C,Electronics,76.58,8,48.82,563.8199999999999,Cash,61,Male,West,147.96
T100164,2024-06-13,S002,P104,Device D,Hardware,109.11,8,33.36,839.52,UPI,58,Male,North,220.31
T100165,2024-06-14,S002,P102,Tool C,Electronics,348.2,2,16.61,679.79,Cash,25,Other,East,178.39
T100166,2024-06-15,S001,P104,Tool C,Outdoor,421.59,3,9.62,1255.15,Cash,41,Other,West,329.37
T100167,2024-06-16,S002,P103,Gadget B,Hardware,415.3,4,12.82,1648.38,Credit Card,26,Other,West,432.56
T100168,2024-06-17,S002,P104,Widget A,Home,45.94,2,8.7,83.17999999999999,Net Banking,22,Male,East,21.83
T100169,2024-06-18,S004,P104,Tool C,Electronics,181.65,6,3.63,1086.27,Credit Card,40,Female,North,285.06
T100170,2024-06-19,S003,P103,Tool C,Home,137.04,2,3.29,270.78999999999996,Net Banking,60,Other,East,71.06
T100171,2024-06-20,S004,P101,Widget A,Home,246.33,4,37.65,947.6700000000001,Net Banking,32,Female,West,248.69
T100172,2024-06-21,S002,P104,Gadget B,Electronics,366.87,8,49.04,2885.92,UPI,52,Other,East,757.32
T100173,2024-06-22,S001,P104,Gadget B,Hardware,326.96,5,20.17,1614.6299999999999,Net Banking,42,Male,North,423.71
T100174,2024-06-23,S001,P105,Device D,Home,479.71,9,36.51,4280.879999999999,Credit Card,64,Male,West,1123.38
T100175,2024-06-24,S001,P104,Widget A,Electronics,40.04,6,33.98,206.26000000000002,Credit Card,48,Female,South,54.13
T100176,2024-06-25,S003,P101,Widget A,Outdoor,228.8,8,26.44,1803.96,Net Banking,30,Female,South,473.39
T100177,2024-06-26,S001,P102,Tool C,Electronics,236.66,1,8.64,228.01999999999998,Net Banking,61,Male,South,59.84
T100178,2024-06-27,S001,P104,Tool C,Hardware,491.76,4,40.03,1927.01,Credit Card,63,Other,North,505.68
T100179,2024-06-28,S001,P104,Device D,Hardware,140.11,6,45.48,795.1800000000001,Cash,29,Female,West,208.67
T100180,2024-06-29,S003,P101,Gadget B,Outdoor,121.89,9,9.0,1088.01,Net Banking,37,Female,North,285.51
T100181,2024-06-30,S001,P101,Device D,Outdoor,449.19,5,33.19,2212.7599999999998,Credit Card,19,Female,North,580.67
T100182,2024-07-01,S004,P105,Gadget B,Home,336.11,6,6.57,2010.0900000000001,UPI,52,Other,North,527.48
T100183,2024-07-02,S004,P103,Gadget B,Hardware,373.65,9,3.51,3359.3399999999997,Net Banking,63,Female,West,881.55
T100184,2024-07-03,S004,P101,Device D,Home,84.05,5,7.09,413.16,Cash,59,Other,East,108.42
T100185,2024-07-04,S003,P102,Tool C,Hardware,397.61,5,19.42,1968.63,Cash,31,Male,West,516.6
T100186,2024-07-05,S004,P103,Widget A,Hardware,118.64,1,26.16,92.48,Net Banking,37,Male,North,24.27
T100187,2024-07-06,S004,P105,Widget A,Hardware,459.36,7,32.04,3183.48,Credit Card,59,Female,West,835.4
T100188,2024-07-07,S001,P104,Device D,Outdoor,329.63,8,30.89,2606.15,UPI,63,Other,West,683.9
T100189,2024-07-08,S003,P101,Device D,Hardware,300.08,4,15.68,1184.6399999999999,UPI,45,Male,North,310.87
T100190,2024-07-09,S002,P101,Device D,Home,280.93,3,26.07,816.7199999999999,Credit Card,28,Other,North,214.32
T100191,2024-07-10,S002,P101,Gadget B,Home,27.65,8,31.85,189.35,Net Banking,48,Other,East,49.69
T100192,2024-07-11,S003,P101,Device D,Home,212.11,1,31.4,180.71,Net Banking,24,Other,West,47.42
T100193,2024-07-12,S003,P104,Gadget B,Outdoor,421.86,9,8.62,3788.1200000000003,Credit Card,51,Female,South,994.07
T100194,2024-07-13,S002,P101,Device D,Outdoor,271.7,4,32.84,1053.96,Net Banking,52,Other,West,276.58
T100195,2024-07-14,S003,P104,Gadget B,Electronics,137.47,7,22.04,940.25,Credit Card,21,Other,East,246.74
T100196,2024-07-15,S003,P101,Tool C,Hardware,297.73,1,17.14,280.59000000000003,UPI,45,Other,North,73.63
T100197,2024-07-16,S002,P105,Device D,Hardware,157.29,6,46.51,897.23,Net Banking,22,Other,South,235.45
T100198,2024-07-17,S002,P101,Device D,Electronics,58.93,6,35.19,318.39,Credit Card,59,Male,South,83.55
T100199,2024-07-18,S004,P102,Device D,Electronics,206.85,2,9.28,404.42,UPI,44,Female,North,106.13
T100200,2024-07-19,S002,P105,Widget A,Electronics,495.11,4,31.27,1949.17,Net Banking,25,Male,East,511.5
T100201,2024-07-20,S003,P101,Gadget B,Electronics,471.92,9,36.6,4210.679999999999,Credit Card,18,Female,West,1104.96
T100202,2024-07-21,S004,P104,Tool C,Outdoor,202.84,1,4.38,198.46,Credit Card,49,Male,East,52.08
T100203,2024-07-22,S001,P105,Gadget B,Home,25.57,3,26.4,50.31000000000001,UPI,52,Female,South,13.2
T100204,2024-07-23,S004,P101,Device D,Electronics,369.02,6,9.46,2204.66,Credit Card,23,Female,East,578.54
T100205,2024-07-24,S004,P104,Widget A,Electronics,218.71,3,25.97,630.16,Cash,55,Female,North,165.37
T100206,2024-07-25,S004,P102,Tool C,Outdoor,316.87,3,32.24,918.37,Cash,58,Male,West,241.0
T100207,2024-07-26,S003,P102,Widget A,Outdoor,236.0,5,37.24,1142.76,Net Banking,43,Male,West,299.88
T100208,2024-07-27,S002,P103,Tool C,Home,124.53,1,24.09,100.44,Cash,58,Female,East,26.36
T100209,2024-07-28,S003,P105,Device D,Hardware,346.26,2,41.49,651.03,Net Banking,36,Female,West,170.84
T100210,2024-07-29,S001,P102,Gadget B,Electronics,260.94,1,12.42,248.52,Credit Card,64,Other,North,65.22
T100211,2024-07-30,S003,P101,Tool C,Home,151.59,2,31.2,271.98,Cash,42,Male,West,71.37
T100212,2024-07-31,S002,P105,Gadget B,Outdoor,93.75,6,27.01,535.49,Net Banking,29,Female,North,140.52
T100213,2024-08-01,S003,P101,Tool C,Outdoor,205.89,3,7.02,610.65,Credit Card,19,Female,North,160.25
T100214,2024-08-02,S001,P102,Widget A,Outdoor,120.34,3,18.8,342.21999999999997,Cash,51,Female,East,89.8
T100215,2024-08-03,S002,P104,Widget A,Electronics,13.31,5,31.28,35.269999999999996,Net Banking,19,Other,South,9.26
T100216,2024-08-04,S001,P105,Gadget B,Electronics,273.68,9,5.1,2458.02,Cash,62,Female,North,645.03
T100217,2024-08-05,S002,P102,Widget A,Home,173.04,9,26.3,1531.06,UPI,40,Male,South,401.78
T100218,2024-08-06,S003,P105,Widget A,Outdoor,448.54,8,36.54,3551.78,Net Banking,40,Other,West,932.05
T100219,2024-08-07,S001,P103,Gadget B,Outdoor,178.69,6,21.13,1051.0099999999998,Credit Card,32,Female,North,275.8
T100220,2024-08-08,S002,P105,Device D,Hardware,407.65,5,9.85,2028.4,UPI,51,Male,North,532.29
T100221,2024-08-09,S003,P105,Widget A,Outdoor,419.89,2,49.77,790.01,Cash,35,Other,West,207.31
T100222,2024-08-10,S002,P102,Widget A,Hardware,379.69,6,2.01,2276.1299999999997,Net Banking,45,Male,East,597.3
T100223,2024-08-11,S004,P103,Tool C,Outdoor,221.92,1,41.79,180.13,Net Banking,35,Female,East,47.27
T100224,2024-08-12,S001,P101,Device D,Outdoor,61.63,8,37.84,455.20000000000005,Cash,50,Female,South,119.45
T100225,2024-08-13,S003,P102,Device D,Home,44.15,3,39.72,92.72999999999999,Net Banking,51,Male,South,24.33
T100226,2024-08-14,S002,P101,Device D,Home,77.43,4,48.4,261.32000000000005,Credit Card,63,Female,West,68.58
T100227,2024-08-15,S003,P103,Gadget B,Electronics,133.88,5,30.87,638.53,Net Banking,28,Other,West,167.56
T100228,2024-08-16,S001,P101,Widget A,Hardware,330.99,3,3.29,989.6800000000001,Credit Card,64,Female,South,259.71
T100229,2024-08-17,S002,P104,Device D,Outdoor,251.71,4,24.57,982.27,UPI,56,Female,North,257.77
T100230,2024-08-18,S003,P101,Tool C,Electronics,50.59,5,49.6,203.35000000000002,Credit Card,44,Female,South,53.36
T100231,2024-08-19,S004,P102,Gadget B,Hardware,37.3,4,5.16,144.04,Cash,40,Other,South,37.8
T100232,2024-08-20,S002,P104,Widget A,Electronics,293.58,6,13.17,1748.31,Credit Card,27,Other,West,458.79
T100233,2024-08-21,S001,P104,Tool C,Outdoor,233.55,7,30.52,1604.3300000000002,Credit Card,36,Other,West,421.01
T100234,2024-08-22,S002,P102,Widget A,Hardware,208.03,9,34.05,1838.22,Credit Card,46,Female,North,482.38
T100235,2024-08-23,S003,P104,Tool C,Electronics,267.56,5,4.63,1333.1699999999998,Net Banking,29,Male,West,349.85
T100236,2024-08-24,S004,P105,Device D,Home,329.91,4,44.41,1275.23,Credit Card,25,Male,South,334.64
T100237,2024-08-25,S001,P101,Widget A,Home,166.2,3,49.22,449.38,Cash,22,Male,West,117.93
T100238,2024-08-26,S004,P103,Device D,Electronics,499.5,8,10.73,3985.27,Cash,21,Male,West,1045.81
T100239,2024-08-27,S003,P104,Widget A,Home,135.68,8,10.87,1074.5700000000002,UPI,64,Male,East,281.99
T100240,2024-08-28,S002,P102,Widget A,Outdoor,335.41,4,33.8,1307.8400000000001,Net Banking,54,Male,North,343.2
T100241,2024-08-29,S003,P105,Device D,Outdoor,414.17,7,6.9,2892.29,Net Banking,62,Male,East,758.99
T100242,2024-08-30,S004,P101,Tool C,Electronics,364.82,1,34.94,329.88,Net Banking,43,Male,South,86.57
T100243,2024-08-31,S001,P101,Tool C,Electronics,191.78,8,6.81,1527.43,Cash,43,Female,North,400.83
T100244,2024-09-01,S004,P103,Tool C,Electronics,292.85,7,23.51,2026.4400000000003,Net Banking,54,Male,East,531.77
T100245,2024-09-02,S002,P101,Device D,Electronics,134.94,4,1.2,538.56,Cash,32,Female,East,141.33
T100246,2024-09-03,S003,P104,Gadget B,Home,375.74,3,39.82,1087.4,Credit Card,53,Female,North,285.35
T100247,2024-09-04,S003,P101,Tool C,Outdoor,75.68,8,6.02,599.4200000000001,Credit Card,37,Other,South,157.3
T100248,2024-09-05,S003,P104,Tool C,Home,400.89,5,39.8,1964.6499999999999,Cash,25,Male,South,515.56
T100249,2024-09-06,S004,P105,Tool C,Electronics,106.78,4,33.71,393.41,Cash,43,Male,West,103.24
T100250,2024-09-07,S003,P102,Gadget B,Outdoor,32.13,7,28.42,196.49,Credit Card,38,Other,North,51.56
T100251,2024-09-08,S001,P105,Gadget B,Home,181.8,2,24.24,339.36,Credit Card,32,Male,South,89.05
T100252,2024-09-09,S004,P103,Tool C,Home,200.65,8,49.42,1555.78,Cash,35,Other,West,408.26
T100253,2024-09-10,S001,P105,Device D,Home,152.14,9,0.64,1368.6199999999997,Cash,27,Other,North,359.15
T100254,2024-09-11,S002,P103,Widget A,Home,242.64,2,14.32,470.96,Credit Card,56,Other,North,123.59
T100255,2024-09-12,S001,P105,Gadget B,Electronics,478.0,8,15.34,3808.66,UPI,55,Other,West,999.46
T100256,2024-09-13,S003,P101,Gadget B,Hardware,237.35,7,37.0,1624.45,UPI,25,Female,East,426.28
T100257,2024-09-14,S004,P104,Tool C,Outdoor,140.14,8,30.36,1090.76,Net Banking,48,Male,West,286.24
T100258,2024-09-15,S002,P104,Device D,Hardware,317.28,8,1.31,2536.93,UPI,34,Other,South,665.74
T100259,2024-09-16,S003,P103,Gadget B,Home,67.18,3,28.43,173.11,Cash,21,Other,West,45.43
T100260,2024-09-17,S002,P105,Tool C,Outdoor,338.26,8,29.35,2676.73,Cash,31,Female,West,702.42
T100261,2024-09-18,S004,P105,Device D,Home,165.79,3,12.74,484.63,UPI,24,Male,West,127.18
T100262,2024-09-19,S001,P104,Device D,Electronics,236.32,1,43.73,192.59,Net Banking,46,Male,West,50.54
T100263,2024-09-20,S002,P103,Widget A,Hardware,469.68,6,49.71,2768.37,Cash,30,Other,East,726.47
T100264,2024-09-21,S004,P104,Widget A,Outdoor,36.35,2,27.75,44.95,Credit Card,35,Male,South,11.8
T100265,2024-09-22,S002,P102,Tool C,Home,285.27,4,11.29,1129.79,Cash,43,Female,South,296.48
T100266,2024-09-23,S001,P103,Tool C,Outdoor,22.1,8,38.14,138.66000000000003,Net Banking,33,Female,South,36.39
T100267,2024-09-24,S002,P104,Widget A,Outdoor,65.74,5,36.81,291.89,Net Banking,18,Male,South,76.6
T100268,2024-09-25,S004,P104,Gadget B,Hardware,37.53,5,19.02,168.63,Net Banking,50,Male,South,44.25
T100269,2024-09-26,S004,P101,Gadget B,Home,63.24,2,35.31,91.17,UPI,55,Female,East,23.92
T100270,2024-09-27,S001,P105,Device D,Electronics,165.71,5,4.31,824.2400000000001,Net Banking,28,Female,East,216.3
T100271,2024-09-28,S001,P104,Gadget B,Home,300.15,8,47.9,2353.2999999999997,Net Banking,36,Male,South,617.55
T100272,2024-09-29,S003,P103,Tool C,Outdoor,182.44,4,3.3,726.46,Credit Card,55,Male,East,190.64
T100273,2024-09-30,S003,P102,Widget A,Outdoor,419.35,4,3.57,1673.8300000000002,Credit Card,19,Other,North,439.24
T100274,2024-10-01,S003,P101,Widget A,Outdoor,22.94,3,19.31,49.510000000000005,Cash,52,Female,South,12.99
T100275,2024-10-02,S004,P102,Gadget B,Home,71.34,4,48.05,237.31,UPI,40,Female,North,62.27
T100276,2024-10-03,S002,P101,Gadget B,Electronics,236.59,6,13.3,1406.24,Credit Card,48,Other,South,369.02
T100277,2024-10-04,S002,P104,Widget A,Electronics,466.98,3,0.29,1400.65,Credit Card,59,Other,North,367.56
T100278,2024-10-05,S002,P101,Widget A,Hardware,400.53,2,15.78,785.28,UPI,57,Male,West,206.07
T100279,2024-10-06,S004,P102,Gadget B,Electronics,258.29,4,33.73,999.4300000000001,Net Banking,28,Male,South,262.27
T100280,2024-10-07,S004,P101,Device D,Home,403.06,7,40.93,2780.4900000000002,Cash,64,Female,East,729.65
T100281,2024-10-08,S004,P101,Gadget B,Outdoor,402.38,6,12.62,2401.66,Cash,38,Male,East,630.24
T100282,2024-10-09,S004,P104,Device D,Hardware,29.67,8,21.91,215.45000000000002,UPI,38,Male,East,56.54
T100283,2024-10-10,S003,P105,Device D,Outdoor,149.91,4,5.6,594.04,Net Banking,52,Other,East,155.89
T100284,2024-10-11,S002,P104,Widget A,Home,273.21,8,8.66,2177.02,Net Banking,28,Male,South,571.29
T100285,2024-10-12,S004,P104,Device D,Electronics,142.42,6,17.81,836.71,Cash,41,Other,South,219.57
T100286,2024-10-13,S002,P103,Widget A,Home,185.17,9,7.83,1658.7,UPI,56,Male,North,435.27
T100287,2024-10-14,S003,P104,Tool C,Home,456.16,7,40.89,3152.2300000000005,UPI,44,Other,North,827.2
T100288,2024-10-15,S004,P105,Device D,Electronics,400.7,8,29.96,3175.64,UPI,20,Male,North,833.35
T100289,2024-10-16,S001,P101,Widget A,Hardware,415.53,8,3.91,3320.33,Cash,30,Other,West,871.31
T100290,2024-10-17,S004,P101,Gadget B,Home,165.02,8,10.78,1309.38,Cash,64,Male,South,343.6
T100291,2024-10-18,S002,P102,Tool C,Home,221.22,9,27.32,1963.66,UPI,22,Female,East,515.3
T100292,2024-10-19,S003,P103,Gadget B,Outdoor,405.3,5,7.06,2019.44,Cash,33,Female,South,529.94
T100293,2024-10-20,S002,P103,Gadget B,Hardware,75.4,8,20.88,582.32,Credit Card,44,Female,South,152.81
T100294,2024-10-21,S003,P105,Tool C,Outdoor,92.07,1,33.8,58.269999999999996,UPI,25,Other,South,15.29
T100295,2024-10-22,S003,P102,Widget A,Outdoor,329.64,6,43.85,1933.99,Net Banking,54,Male,South,507.51
T100296,2024-10-23,S003,P101,Tool C,Hardware,240.23,6,20.17,1421.2099999999998,Net Banking,43,Other,East,372.95
T100297,2024-10-24,S001,P105,Tool C,Home,178.49,2,46.31,310.67,Cash,25,Female,South,81.53
T100298,2024-10-25,S001,P103,Widget A,Outdoor,179.11,8,42.78,1390.1000000000001,Net Banking,33,Female,North,364.79
T100299,2024-10-26,S001,P104,Gadget B,Hardware,371.98,6,47.87,2184.01,Net Banking,41,Other,West,573.12
T100300,2024-10-27,S002,P104,Tool C,Hardware,197.27,9,24.11,1751.3200000000002,Net Banking,33,Male,East,459.58
T100301,2024-10-28,S001,P102,Tool C,Hardware,459.81,6,47.24,2711.6200000000003,Net Banking,51,Other,West,711.58
T100302,2024-10-29,S003,P103,Gadget B,Outdoor,218.85,4,39.81,835.5899999999999,Net Banking,33,Other,West,219.27
T100303,2024-10-30,S004,P104,Tool C,Outdoor,343.38,7,17.59,2386.0699999999997,Net Banking,25,Female,West,626.15
T100304,2024-10-31,S001,P103,Gadget B,Hardware,396.84,4,30.05,1557.31,Net Banking,56,Female,South,408.67
T100305,2024-11-01,S001,P105,Tool C,Hardware,226.11,8,8.96,1799.92,Credit Card,59,Other,West,472.33
T100306,2024-11-02,S002,P102,Device D,Hardware,330.23,2,24.92,635.5400000000001,Credit Card,50,Male,South,166.78
T100307,2024-11-03,S003,P105,Tool C,Home,40.82,1,24.38,16.44,UPI,27,Female,East,4.31
T100308,2024-11-04,S003,P101,Widget A,Electronics,165.75,4,2.71,660.29,Cash,40,Female,West,173.27
T100309,2024-11-05,S002,P105,Gadget B,Home,26.32,1,20.35,5.969999999999999,Cash,19,Female,North,1.57
T100310,2024-11-06,S002,P104,Device D,Hardware,86.85,4,4.98,342.41999999999996,Cash,56,Other,East,89.86
T100311,2024-11-07,S003,P104,Gadget B,Hardware,221.95,6,13.41,1318.2899999999997,Credit Card,21,Male,East,345.94
T100312,2024-11-08,S004,P104,Widget A,Home,115.5,1,41.9,73.6,Cash,31,Male,South,19.31
T100313,2024-11-09,S002,P103,Gadget B,Home,188.4,3,8.16,557.0400000000001,UPI,24,Male,West,146.18
T100314,2024-11-10,S004,P101,Tool C,Electronics,358.3,9,28.82,3195.88,Credit Card,40,Other,East,838.66
T100315,2024-11-11,S004,P103,Gadget B,Home,271.45,5,27.68,1329.57,Net Banking,42,Female,West,348.9
T100316,2024-11-12,S001,P101,Gadget B,Hardware,485.74,1,30.57,455.17,UPI,57,Other,West,119.44
T100317,2024-11-13,S004,P105,Tool C,Outdoor,55.0,9,39.66,455.34000000000003,Credit Card,44,Other,East,119.49
T100318,2024-11-14,S003,P104,Widget A,Home,255.92,4,34.42,989.26,Cash,33,Other,South,259.6
T100319,2024-11-15,S003,P101,Device D,Hardware,197.41,7,26.41,1355.4599999999998,Net Banking,35,Other,East,355.7
T100320,2024-11-16,S001,P104,Device D,Home,235.43,9,27.2,2091.67,Net Banking,41,Female,North,548.89
T100321,2024-11-17,S002,P103,Widget A,Hardware,245.61,7,38.34,1680.93,Cash,43,Male,North,441.11
T100322,2024-11-18,S002,P105,Widget A,Electronics,163.92,4,3.19,652.4899999999999,Credit Card,23,Other,East,171.23
T100323,2024-11-19,S002,P101,Device D,Outdoor,350.31,3,40.13,1010.8000000000001,Net Banking,31,Other,South,265.25
T100324,2024-11-20,S002,P102,Gadget B,Electronics,331.29,6,30.05,1957.6900000000003,UPI,50,Other,South,513.73
T100325,2024-11-21,S001,P104,Device D,Outdoor,268.65,1,30.67,237.97999999999996,Cash,31,Male,East,62.45
T100326,2024-11-22,S001,P104,Gadget B,Hardware,193.24,5,31.1,935.1,UPI,22,Female,North,245.39
T100327,2024-11-23,S004,P105,Device D,Hardware,483.32,9,0.74,4349.14,Credit Card,23,Other,South,1141.29
T100328,2024-11-24,S003,P101,Tool C,Hardware,438.74,9,27.31,3921.35,UPI,28,Male,East,1029.03
T100329,2024-11-25,S002,P103,Widget A,Electronics,54.91,8,6.49,432.78999999999996,Credit Card,30,Female,South,113.57
T100330,2024-11-26,S003,P101,Device D,Electronics,477.0,3,11.77,1419.23,Net Banking,27,Male,North,372.43
T100331,2024-11-27,S002,P101,Device D,Outdoor,183.92,2,27.21,340.63,Cash,62,Other,East,89.39
T100332,2024-11-28,S003,P104,Tool C,Hardware,375.44,2,34.8,716.08,UPI,62,Other,North,187.91
T100333,2024-11-29,S001,P105,Device D,Home,401.81,1,47.06,354.75,Net Banking,21,Female,South,93.09
T100334,2024-11-30,S001,P101,Device D,Home,296.63,6,12.11,1767.67,Credit Card,37,Male,West,463.87
T100335,2024-12-01,S004,P101,Widget A,Home,206.73,7,11.32,1435.79,Cash,33,Other,South,376.78
T100336,2024-12-02,S003,P104,Gadget B,Home,317.5,8,12.82,2527.18,UPI,42,Other,North,663.18
T100337,2024-12-03,S003,P104,Widget A,Outdoor,50.66,9,8.53,447.40999999999997,UPI,61,Female,North,117.41
T100338,2024-12-04,S003,P102,Tool C,Outdoor,266.81,8,1.01,2133.47,Net Banking,30,Other,South,559.86
T100339,2024-12-05,S004,P101,Gadget B,Electronics,197.02,4,48.1,739.98,UPI,27,Male,East,194.18
T100340,2024-12-06,S002,P102,Widget A,Outdoor,95.3,9,5.32,852.3799999999999,Cash,28,Male,East,223.68
T100341,2024-12-07,S004,P104,Widget A,Hardware,414.29,2,44.99,783.59,UPI,56,Other,South,205.63
T100342,2024-12-08,S001,P103,Device D,Outdoor,147.93,6,44.8,842.7800000000001,UPI,62,Male,South,221.16
T100343,2024-12-09,S003,P102,Tool C,Electronics,490.23,9,35.64,4376.429999999999,UPI,51,Other,North,1148.45
T100344,2024-12-10,S004,P101,Widget A,Electronics,144.07,9,8.31,1288.32,UPI,33,Other,South,338.08
T100345,2024-12-11,S001,P104,Gadget B,Hardware,18.86,3,25.67,30.909999999999997,Credit Card,59,Female,East,8.11
T100346,2024-12-12,S003,P105,Widget A,Home,356.16,4,13.07,1411.5700000000002,UPI,28,Female,North,370.42
T100347,2024-12-13,S004,P101,Device D,Outdoor,60.1,8,1.5,479.3,UPI,46,Female,South,125.78
T100348,2024-12-14,S003,P104,Gadget B,Outdoor,200.46,4,42.29,759.5500000000001,Net Banking,59,Male,South,199.32
T100349,2024-12-15,S003,P103,Device D,Home,178.9,4,49.04,666.5600000000001,Credit Card,64,Other,West,174.92
T100350,2024-12-16,S001,P102,Tool C,Outdoor,16.15,3,6.08,42.37,Credit Card,34,Female,North,11.12
T100351,2024-12-17,S001,P102,Widget A,Hardware,273.78,8,7.51,2182.7299999999996,Cash,39,Other,East,572.79
T100352,2024-12-18,S004,P104,Device D,Home,413.78,8,23.29,3286.95,Credit Card,24,Female,South,862.55
T100353,2024-12-19,S003,P104,Gadget B,Home,81.62,3,37.83,207.03000000000003,Net Banking,59,Male,East,54.33
T100354,2024-12-20,S003,P104,Tool C,Home,347.11,5,48.37,1687.1800000000003,Cash,21,Other,East,442.75
T100355,2024-12-21,S003,P105,Tool C,Home,454.11,1,32.4,421.71000000000004,Credit Card,26,Other,North,110.66
T100356,2024-12-22,S001,P102,Gadget B,Hardware,329.25,8,18.26,2615.74,UPI,23,Male,South,686.42
T100357,2024-12-23,S004,P105,Device D,Electronics,157.24,9,3.98,1411.18,Net Banking,62,Other,West,370.32
T100358,2024-12-24,S002,P102,Widget A,Home,88.28,2,48.75,127.81,Credit Card,24,Other,South,33.54
T100359,2024-12-25,S003,P102,Gadget B,Hardware,392.99,3,25.13,1153.84,Credit Card,64,Male,South,302.79
T100360,2024-12-26,S003,P102,Widget A,Electronics,140.17,6,26.81,814.21,UPI,28,Other,East,213.66
T100361,2024-12-27,S002,P103,Widget A,Electronics,206.13,7,0.05,1442.86,Cash,49,Female,West,378.63
T100362,2024-12-28,S001,P103,Tool C,Electronics,118.51,4,42.08,431.96000000000004,Net Banking,22,Female,East,113.35
T100363,2024-12-29,S004,P101,Gadget B,Electronics,412.4,7,25.01,2861.7899999999995,UPI,51,Other,North,750.99
T100364,2024-12-30,S003,P103,Device D,Outdoor,430.58,3,8.38,1283.36,Credit Card,48,Female,East,336.78
T100365,2024-12-31,S001,P104,Device D,Hardware,112.52,8,12.1,888.06,UPI,31,Other,North,233.04
T100366,2025-01-01,S001,P102,Gadget B,Electronics,13.61,4,12.69,41.75,UPI,43,Male,West,10.96
T100367,2025-01-02,S003,P105,Gadget B,Home,240.62,4,17.82,944.66,Credit Card,45,Male,East,247.9
T100368,2025-01-03,S004,P102,Gadget B,Hardware,417.45,8,4.42,3335.18,Credit Card,47,Female,South,875.21
T100369,2025-01-04,S002,P105,Gadget B,Outdoor,304.16,1,18.04,286.12,Cash,58,Other,North,75.08
T100370,2025-01-05,S004,P104,Device D,Outdoor,441.34,4,40.4,1724.9599999999998,UPI,47,Male,South,452.66
T100371,2025-01-06,S004,P103,Widget A,Outdoor,414.1,4,15.18,1641.22,Credit Card,50,Female,East,430.69
T100372,2025-01-07,S004,P103,Widget A,Outdoor,317.14,6,32.52,1870.32,Net Banking,53,Other,North,490.81
T100373,2025-01-08,S002,P102,Gadget B,Electronics,232.07,3,14.15,682.0600000000001,Cash,61,Male,North,178.98
T100374,2025-01-09,S001,P104,Device D,Hardware,19.06,3,48.24,8.93999999999999,UPI,25,Other,South,2.35
T100375,2025-01-10,S004,P104,Tool C,Home,163.28,4,38.12,615.0,Net Banking,53,Male,South,161.39
T100376,2025-01-11,S001,P105,Gadget B,Home,73.22,1,40.62,32.6,Net Banking,29,Male,North,8.55
T100377,2025-01-12,S004,P102,Tool C,Electronics,208.42,5,48.71,993.3899999999999,Net Banking,41,Male,East,260.68
T100378,2025-01-13,S003,P101,Device D,Electronics,495.4,5,16.66,2460.34,UPI,56,Other,North,645.64
T100379,2025-01-14,S004,P102,Widget A,Electronics,17.54,1,13.4,4.139999999999999,UPI,47,Female,East,1.09
T100380,2025-01-15,S001,P105,Gadget B,Outdoor,45.38,5,38.86,188.04000000000002,Credit Card,46,Male,North,49.35
T100381,2025-01-16,S002,P101,Tool C,Hardware,253.79,5,9.31,1259.64,UPI,22,Male,South,330.55
T100382,2025-01-17,S003,P101,Tool C,Hardware,139.22,2,1.04,277.4,UPI,63,Female,East,72.79
T100383,2025-01-18,S003,P103,Widget A,Hardware,261.38,9,45.71,2306.71,Cash,54,Female,East,605.32
T100384,2025-01-19,S004,P102,Tool C,Hardware,103.97,9,32.97,902.76,Net Banking,63,Other,South,236.9
T100385,2025-01-20,S004,P103,Widget A,Outdoor,27.22,3,36.41,45.25,Net Banking,47,Female,West,11.87
T100386,2025-01-21,S003,P101,Tool C,Hardware,276.21,1,8.96,267.25,Net Banking,54,Other,North,70.13
T100387,2025-01-22,S002,P103,Device D,Hardware,373.79,4,20.58,1474.5800000000002,Cash,34,Male,West,386.96
T100388,2025-01-23,S001,P105,Widget A,Home,125.18,2,49.75,200.61,Net Banking,51,Male,North,52.64
T100389,2025-01-24,S004,P104,Widget A,Home,49.01,9,32.11,408.97999999999996,Net Banking,53,Other,North,107.32
T100390,2025-01-25,S004,P102,Tool C,Outdoor,261.43,2,11.94,510.92,Credit Card,29,Other,East,134.07
T100391,2025-01-26,S004,P103,Device D,Outdoor,172.33,6,22.52,1011.46,Credit Card,56,Other,South,265.43
T100392,2025-01-27,S001,P103,Device D,Outdoor,236.62,3,18.4,691.46,UPI,59,Female,West,181.45
T100393,2025-01-28,S002,P105,Widget A,Home,19.79,5,45.24,53.70999999999999,Net Banking,62,Female,North,14.09
T100394,2025-01-29,S003,P103,Widget A,Electronics,389.21,9,17.04,3485.85,UPI,57,Female,South,914.75
T100395,2025-01-30,S001,P102,Widget A,Home,31.92,8,2.7,252.66000000000003,Net Banking,27,Other,South,66.3
T100396,2025-01-31,S001,P104,Tool C,Outdoor,162.83,8,37.24,1265.4,Credit Card,47,Female,East,332.06
T100397,2025-02-01,S002,P101,Tool C,Home,80.11,9,22.24,698.75,UPI,19,Other,South,183.36
T100398,2025-02-02,S004,P104,Tool C,Outdoor,23.7,9,36.43,176.86999999999998,UPI,57,Female,East,46.41
T100399,2025-02-03,S003,P105,Tool C,Home,130.52,4,4.64,517.44,Net Banking,34,Other,East,135.79
T100400,2025-02-04,S001,P102,Device D,Hardware,388.41,4,1.04,1552.6000000000001,UPI,18,Other,East,407.43
T100401,2025-02-05,S004,P101,Widget A,Home,480.23,8,14.36,3827.48,Credit Card,44,Female,East,1004.4
T100402,2025-02-06,S003,P105,Gadget B,Outdoor,299.16,5,37.51,1458.2900000000002,Credit Card,52,Male,West,382.68
T100403,2025-02-07,S001,P101,Device D,Hardware,477.92,7,30.14,3315.3,Cash,22,Female,West,869.99
T100404,2025-02-08,S004,P105,Gadget B,Electronics,69.82,9,25.52,602.8599999999999,UPI,30,Male,West,158.2
T100405,2025-02-09,S001,P104,Device D,Home,39.68,4,34.18,124.53999999999999,Net Banking,39,Female,West,32.68
T100406,2025-02-10,S004,P104,Gadget B,Outdoor,42.04,2,18.79,65.28999999999999,UPI,26,Male,West,17.13
T100407,2025-02-11,S002,P102,Gadget B,Home,235.59,4,2.8,939.5600000000001,Credit Card,51,Other,East,246.56
T100408,2025-02-12,S002,P102,Tool C,Outdoor,443.87,9,13.63,3981.2,Credit Card,60,Male,South,1044.74
T100409,2025-02-13,S001,P102,Device D,Home,391.7,3,35.88,1139.2199999999998,Cash,25,Other,East,298.95
T100410,2025-02-14,S001,P101,Widget A,Hardware,93.33,8,20.11,726.53,UPI,23,Other,North,190.65
T100411,2025-02-15,S001,P101,Gadget B,Home,451.73,3,4.42,1350.77,UPI,25,Male,West,354.47
T100412,2025-02-16,S003,P103,Device D,Electronics,250.53,1,46.73,203.8,UPI,46,Female,North,53.48
T100413,2025-02-17,S004,P101,Device D,Electronics,87.3,8,29.19,669.2099999999999,Credit Card,40,Other,North,175.61
T100414,2025-02-18,S002,P105,Tool C,Outdoor,432.98,2,5.09,860.87,Cash,34,Male,North,225.91
T100415,2025-02-19,S001,P104,Widget A,Electronics,145.27,4,34.97,546.11,Cash,34,Female,East,143.31
T100416,2025-02-20,S004,P102,Widget A,Hardware,52.65,7,16.39,352.16,Net Banking,37,Female,West,92.41
T100417,2025-02-21,S004,P103,Tool C,Electronics,131.45,5,44.84,612.41,Credit Card,26,Male,East,160.71
T100418,2025-02-22,S002,P101,Gadget B,Home,46.87,5,42.21,192.14,Net Banking,32,Male,West,50.42
T100419,2025-02-23,S003,P103,Gadget B,Home,334.62,8,18.85,2658.11,UPI,34,Other,North,697.54
T100420,2025-02-24,S003,P104,Gadget B,Electronics,231.78,6,16.39,1374.29,UPI,53,Male,East,360.64
T100421,2025-02-25,S001,P102,Gadget B,Electronics,142.86,1,11.98,130.88000000000002,Credit Card,63,Other,East,34.35
T100422,2025-02-26,S001,P102,Widget A,Hardware,247.46,7,13.06,1719.16,Cash,30,Other,West,451.14
T100423,2025-02-27,S002,P103,Device D,Outdoor,197.36,3,32.85,559.23,Cash,30,Other,West,146.75
T100424,2025-02-28,S003,P105,Tool C,Electronics,445.29,5,40.51,2185.94,UPI,35,Male,North,573.63
T100425,2025-03-01,S004,P102,Tool C,Home,44.59,8,22.39,334.33000000000004,Credit Card,37,Other,East,87.73
T100426,2025-03-02,S002,P101,Gadget B,Hardware,78.41,8,48.16,579.12,UPI,33,Female,North,151.97
T100427,2025-03-03,S003,P101,Tool C,Home,414.6,2,45.65,783.5500000000001,Net Banking,32,Male,North,205.62
T100428,2025-03-04,S002,P104,Device D,Home,411.94,9,21.21,3686.25,UPI,54,Male,South,967.34
T100429,2025-03-05,S002,P101,Device D,Outdoor,167.75,3,23.84,479.41,Credit Card,48,Female,South,125.81
T100430,2025-03-06,S003,P103,Widget A,Outdoor,152.75,7,21.79,1047.46,Net Banking,64,Male,East,274.87
T100431,2025-03-07,S002,P105,Gadget B,Home,468.34,3,43.94,1361.08,UPI,47,Other,East,357.17
T100432,2025-03-08,S003,P105,Tool C,Hardware,473.18,6,20.0,2819.08,Cash,47,Male,North,739.78
T100433,2025-03-09,S003,P102,Device D,Hardware,472.28,8,37.42,3740.8199999999997,Cash,61,Female,West,981.66
T100434,2025-03-10,S003,P101,Tool C,Home,438.34,3,15.86,1299.16,UPI,37,Female,North,340.92
T100435,2025-03-11,S002,P105,Tool C,Electronics,336.29,7,31.72,2322.3100000000004,Net Banking,64,Male,West,609.42
T100436,2025-03-12,S001,P102,Tool C,Home,266.74,4,2.77,1064.19,Credit Card,61,Male,East,279.26
T100437,2025-03-13,S003,P102,Gadget B,Outdoor,27.0,3,31.38,49.620000000000005,UPI,41,Female,West,13.02
T100438,2025-03-14,S002,P102,Device D,Home,17.25,7,11.83,108.92,UPI,21,Male,North,28.58
T100439,2025-03-15,S001,P103,Gadget B,Outdoor,230.19,8,13.64,1827.8799999999999,Net Banking,21,Other,West,479.67
T100440,2025-03-16,S003,P101,Gadget B,Home,27.69,1,48.98,-21.289999999999996,Net Banking,29,Male,North,-5.59
T100441,2025-03-17,S004,P103,Widget A,Hardware,198.73,9,37.61,1750.96,Cash,60,Other,South,459.48
T100442,2025-03-18,S002,P104,Gadget B,Electronics,493.12,6,39.79,2918.9300000000003,UPI,34,Other,South,765.98
T100443,2025-03-19,S003,P104,Gadget B,Home,153.91,7,20.96,1056.4099999999999,Net Banking,19,Female,East,277.22
T100444,2025-03-20,S004,P102,Gadget B,Home,94.26,9,36.46,811.88,Net Banking,39,Male,North,213.05
T100445,2025-03-21,S004,P102,Widget A,Home,107.54,1,35.08,72.46000000000001,Credit Card,41,Other,West,19.01
T100446,2025-03-22,S001,P101,Gadget B,Hardware,169.71,9,39.23,1488.16,Net Banking,29,Male,South,390.52
T100447,2025-03-23,S004,P104,Device D,Home,352.26,8,29.0,2789.08,Net Banking,61,Male,East,731.9
T100448,2025-03-24,S001,P101,Tool C,Hardware,22.41,6,46.13,88.33000000000001,Credit Card,22,Male,North,23.18
T100449,2025-03-25,S001,P105,Gadget B,Home,88.97,3,20.38,246.52999999999997,UPI,53,Other,North,64.69
T100450,2025-03-26,S003,P101,Device D,Home,261.91,3,33.36,752.37,Cash,63,Female,South,197.44
T100451,2025-03-27,S004,P105,Widget A,Home,176.19,9,31.8,1553.91,Credit Card,46,Other,South,407.77
T100452,2025-03-28,S002,P102,Tool C,Outdoor,239.97,3,10.41,709.5,Credit Card,23,Male,North,186.19
T100453,2025-03-29,S003,P101,Gadget B,Home,478.91,1,7.42,471.49,Net Banking,62,Male,North,123.73
T100454,2025-03-30,S004,P105,Gadget B,Home,355.24,7,22.59,2464.09,Credit Card,49,Other,East,646.62
T100455,2025-03-31,S004,P101,Device D,Electronics,480.44,8,1.79,3841.73,UPI,33,Other,South,1008.14
T100456,2025-04-01,S002,P101,Device D,Home,196.15,9,14.02,1751.3300000000002,Cash,46,Other,West,459.58
T100457,2025-04-02,S004,P103,Tool C,Electronics,333.84,9,34.65,2969.91,Net Banking,61,Female,West,779.36
T100458,2025-04-03,S002,P101,Tool C,Outdoor,208.76,4,36.56,798.48,Net Banking,33,Other,North,209.54
T100459,2025-04-04,S002,P105,Gadget B,Hardware,82.1,7,10.28,564.42,Net Banking,62,Male,South,148.11
T100460,2025-04-05,S001,P104,Widget A,Electronics,458.79,2,42.1,875.48,Credit Card,48,Female,East,229.74
T100461,2025-04-06,S004,P104,Gadget B,Home,175.96,6,28.5,1027.26,UPI,20,Female,South,269.57
T100462,2025-04-07,S001,P101,Tool C,Electronics,79.71,5,2.27,396.28,Cash,33,Other,West,103.99
T100463,2025-04-08,S002,P103,Gadget B,Outdoor,215.98,1,28.61,187.37,Cash,25,Other,North,49.17
T100464,2025-04-09,S004,P102,Widget A,Hardware,463.68,8,6.67,3702.77,Net Banking,51,Female,North,971.67
T100465,2025-04-10,S002,P104,Tool C,Outdoor,317.7,4,44.6,1226.2,UPI,26,Male,East,321.78
T100466,2025-04-11,S001,P103,Widget A,Electronics,378.98,9,5.93,3404.8900000000003,Cash,49,Male,West,893.5
T100467,2025-04-12,S002,P103,Tool C,Electronics,129.43,5,35.78,611.3700000000001,Cash,40,Female,East,160.43
T100468,2025-04-13,S002,P105,Widget A,Home,319.33,6,2.58,1913.4,Credit Card,54,Other,East,502.11
T100469,2025-04-14,S003,P101,Widget A,Electronics,371.65,2,20.21,723.0899999999999,Net Banking,60,Male,East,189.75
T100470,2025-04-15,S001,P101,Device D,Electronics,496.44,2,32.9,959.98,Credit Card,63,Other,West,251.92
T100471,2025-04-16,S004,P104,Tool C,Hardware,39.23,5,23.84,172.30999999999997,Net Banking,20,Male,West,45.22
T100472,2025-04-17,S003,P104,Device D,Electronics,435.11,3,20.06,1285.27,Net Banking,47,Other,East,337.28
T100473,2025-04-18,S003,P105,Device D,Hardware,237.34,3,45.69,666.3299999999999,UPI,54,Other,West,174.86
T100474,2025-04-19,S004,P101,Widget A,Hardware,404.45,8,22.23,3213.37,Credit Card,51,Other,North,843.25
T100475,2025-04-20,S002,P103,Device D,Home,194.62,1,8.55,186.07,Net Banking,53,Female,East,48.83
T100476,2025-04-21,S002,P103,Widget A,Hardware,56.8,2,2.01,111.58999999999999,Cash,31,Female,West,29.28
T100477,2025-04-22,S001,P104,Gadget B,Outdoor,210.82,8,49.41,1637.1499999999999,Credit Card,42,Female,East,429.62
T100478,2025-04-23,S004,P102,Gadget B,Outdoor,50.1,2,40.79,59.410000000000004,Cash,24,Female,East,15.59
T100479,2025-04-24,S001,P104,Gadget B,Home,434.15,9,47.84,3859.5099999999998,Cash,18,Male,North,1012.81
T100480,2025-04-25,S002,P105,Tool C,Electronics,411.79,4,44.02,1603.14,UPI,64,Male,South,420.69
T100481,2025-04-26,S001,P102,Device D,Outdoor,82.69,9,17.75,726.46,UPI,61,Other,West,190.64
T100482,2025-04-27,S001,P102,Tool C,Hardware,122.02,8,49.25,926.91,Cash,48,Other,South,243.24
T100483,2025-04-28,S002,P102,Widget A,Electronics,459.61,3,24.87,1353.96,Credit Card,26,Male,West,355.3
T100484,2025-04-29,S003,P103,Widget A,Home,373.98,6,7.43,2236.4500000000003,Credit Card,25,Female,North,586.88
T100485,2025-04-30,S004,P105,Widget A,Outdoor,484.08,4,7.7,1928.62,Credit Card,21,Other,South,506.1
T100486,2025-05-01,S004,P103,Device D,Outdoor,367.65,3,1.96,1100.9899999999998,UPI,53,Female,North,288.92
T100487,2025-05-02,S002,P104,Tool C,Hardware,61.63,6,17.6,352.18,Cash,22,Other,North,92.42
T100488,2025-05-03,S001,P102,Gadget B,Outdoor,461.73,9,47.27,4108.299999999999,Credit Card,28,Male,West,1078.09
T100489,2025-05-04,S004,P102,Gadget B,Outdoor,466.32,6,34.99,2762.9300000000003,Cash,48,Male,South,725.04
T100490,2025-05-05,S003,P105,Gadget B,Outdoor,212.62,3,15.76,622.1,UPI,31,Female,West,163.25
T100491,2025-05-06,S004,P105,Tool C,Home,497.13,7,2.9,3477.0099999999998,Credit Card,47,Female,West,912.43
T100492,2025-05-07,S001,P104,Device D,Hardware,270.41,5,29.88,1322.17,Cash,52,Other,South,346.96
T100493,2025-05-08,S001,P104,Widget A,Home,237.39,9,8.43,2128.08,UPI,60,Male,South,558.45
T100494,2025-05-09,S004,P105,Device D,Home,310.66,4,6.33,1236.3100000000002,Cash,63,Male,East,324.43
T100495,2025-05-10,S001,P104,Widget A,Hardware,317.45,2,33.24,601.66,Net Banking,25,Male,West,157.89
T100496,2025-05-11,S003,P102,Device D,Hardware,462.36,4,12.86,1836.5800000000002,Net Banking,50,Other,South,481.95
T100497,2025-05-12,S001,P101,Gadget B,Electronics,242.73,2,38.31,447.15,Cash,22,Male,East,117.34
T100498,2025-05-13,S003,P103,Widget A,Hardware,85.19,4,27.87,312.89,Cash,44,Other,West,82.11
T100499,2025-05-14,S001,P101,Tool C,Electronics,481.22,9,4.44,4326.540000000001,Cash,18,Other,North,1135.36
T100500,2025-05-15,S004,P105,Gadget B,Electronics,328.91,4,18.31,1297.3300000000002,Credit Card,43,Female,West,340.44
T100501,2025-05-16,S003,P103,Device D,Home,341.88,3,33.67,991.9699999999999,UPI,38,Male,West,260.31
T100502,2025-05-17,S004,P101,Widget A,Hardware,402.19,5,7.76,2003.19,Net Banking,25,Female,West,525.67
T100503,2025-05-18,S001,P105,Gadget B,Home,399.61,5,41.81,1956.2400000000002,UPI,58,Male,North,513.35
T100504,2025-05-19,S002,P104,Tool C,Outdoor,280.83,1,27.34,253.48999999999998,Credit Card,60,Male,East,66.52
T100505,2025-05-20,S002,P105,Tool C,Electronics,178.74,1,43.49,135.25,Credit Card,48,Female,South,35.49
T100506,2025-05-21,S002,P101,Gadget B,Home,148.15,4,16.04,576.5600000000001,Net Banking,26,Male,South,151.3
T100507,2025-05-22,S004,P101,Tool C,Home,255.17,8,45.89,1995.4699999999998,Credit Card,57,Female,North,523.65
T100508,2025-05-23,S004,P102,Widget A,Hardware,224.42,7,10.36,1560.58,Net Banking,26,Other,East,409.52
T100509,2025-05-24,S003,P103,Widget A,Home,55.73,8,43.5,402.34,UPI,26,Male,South,105.58
T100510,2025-05-25,S002,P103,Gadget B,Outdoor,298.48,7,20.2,2069.1600000000003,Net Banking,58,Other,West,542.98
T100511,2025-05-26,S004,P101,Tool C,Hardware,31.33,8,8.2,242.44,Cash,34,Male,East,63.62
T100512,2025-05-27,S002,P102,Device D,Electronics,154.0,2,45.81,262.19,Net Banking,58,Female,East,68.8
T100513,2025-05-28,S003,P102,Device D,Outdoor,79.73,5,25.81,372.84000000000003,Cash,60,Other,East,97.84
T100514,2025-05-29,S002,P101,Tool C,Hardware,257.4,6,36.45,1507.9499999999998,UPI,37,Female,East,395.71
T100515,2025-05-30,S003,P101,Gadget B,Hardware,477.43,7,7.53,3334.48,Net Banking,45,Male,South,875.03
T100516,2025-05-31,S003,P102,Device D,Hardware,237.47,8,0.46,1899.3,Cash,22,Male,East,498.41
T100517,2025-06-01,S004,P103,Device D,Outdoor,394.98,8,14.85,3144.9900000000002,Credit Card,27,Other,South,825.3
T100518,2025-06-02,S002,P105,Gadget B,Outdoor,339.41,5,3.83,1693.2200000000003,UPI,37,Other,South,444.33
T100519,2025-06-03,S003,P105,Tool C,Hardware,208.23,1,49.43,158.79999999999998,UPI,50,Female,North,41.67
T100520,2025-06-04,S004,P102,Gadget B,Home,486.4,4,17.66,1927.9399999999998,Cash,41,Male,South,505.93
T100521,2025-06-05,S002,P104,Widget A,Home,88.45,8,48.5,659.1,Credit Card,44,Male,North,172.96
T100522,2025-06-06,S003,P103,Widget A,Outdoor,141.21,8,13.47,1116.21,Credit Card,57,Male,West,292.91
T100523,2025-06-07,S003,P105,Tool C,Home,141.39,6,37.83,810.5099999999999,Net Banking,30,Male,North,212.69
T100524,2025-06-08,S003,P102,Tool C,Outdoor,498.96,1,19.62,479.34,Credit Card,27,Female,East,125.79
T100525,2025-06-09,S001,P105,Tool C,Electronics,455.01,6,45.22,2684.84,Credit Card,33,Other,North,704.55
T100526,2025-06-10,S001,P105,Tool C,Outdoor,459.14,9,7.8,4124.46,Net Banking,29,Other,South,1082.33
T100527,2025-06-11,S001,P103,Tool C,Electronics,375.8,1,3.67,372.13,UPI,62,Female,East,97.65
T100528,2025-06-12,S002,P103,Tool C,Outdoor,238.36,4,39.13,914.3100000000001,UPI,59,Male,East,239.93
T100529,2025-06-13,S001,P101,Widget A,Electronics,364.03,1,40.58,323.45,Net Banking,60,Other,North,84.88
T100530,2025-06-14,S001,P103,Tool C,Home,111.64,9,5.71,999.05,Credit Card,32,Male,North,262.17
T100531,2025-06-15,S004,P102,Tool C,Home,278.59,9,4.71,2502.6,Credit Card,33,Other,South,656.73
T100532,2025-06-16,S004,P103,Tool C,Electronics,126.34,1,43.85,82.49000000000001,UPI,36,Other,South,21.65
T100533,2025-06-17,S001,P102,Tool C,Home,167.5,4,28.34,641.66,Credit Card,31,Female,North,168.38
T100534,2025-06-18,S001,P105,Tool C,Home,442.47,3,1.05,1326.3600000000001,Cash,18,Female,West,348.06
T100535,2025-06-19,S002,P105,Tool C,Hardware,120.65,1,29.02,91.63000000000001,Net Banking,36,Other,West,24.05
T100536,2025-06-20,S001,P103,Device D,Outdoor,325.29,1,37.26,288.03000000000003,UPI,27,Female,North,75.58
T100537,2025-06-21,S001,P102,Tool C,Home,176.44,5,12.97,869.23,UPI,54,Female,East,228.1
T100538,2025-06-22,S001,P102,Widget A,Home,499.89,7,21.79,3477.44,Credit Card,18,Female,West,912.54
T100539,2025-06-23,S003,P103,Widget A,Outdoor,373.35,8,15.2,2971.6000000000004,UPI,33,Other,South,779.8
T100540,2025-06-24,S002,P101,Gadget B,Hardware,355.18,8,20.84,2820.6,Credit Card,23,Other,North,740.18
T100541,2025-06-25,S001,P102,Widget A,Outdoor,143.13,6,45.52,813.26,Cash,56,Male,West,213.41
T100542,2025-06-26,S003,P104,Device D,Home,161.92,5,29.59,780.0099999999999,Credit Card,30,Other,West,204.69
T100543,2025-06-27,S003,P101,Device D,Outdoor,228.69,9,5.06,2053.15,UPI,60,Female,South,538.78
T100544,2025-06-28,S002,P104,Device D,Electronics,285.73,8,37.76,2248.08,Credit Card,19,Male,North,589.94
T100545,2025-06-29,S001,P105,Tool C,Outdoor,489.69,8,20.66,3896.86,Cash,31,Other,East,1022.61
T100546,2025-06-30,S004,P104,Tool C,Hardware,173.9,6,7.81,1035.5900000000001,Credit Card,56,Other,West,271.76
T100547,2025-07-01,S001,P102,Widget A,Home,286.9,5,31.44,1403.06,UPI,27,Male,West,368.19
T100548,2025-07-02,S001,P101,Tool C,Home,92.44,9,44.24,787.72,Net Banking,49,Male,South,206.71
T100549,2025-07-03,S002,P104,Widget A,Outdoor,175.52,8,1.57,1402.5900000000001,UPI,50,Female,North,368.06
T100550,2025-07-04,S002,P104,Gadget B,Home,329.84,5,19.9,1629.2999999999997,UPI,31,Other,West,427.56
T100551,2025-07-05,S004,P103,Device D,Home,80.99,9,17.6,711.31,Credit Card,50,Other,West,186.66
T100552,2025-07-06,S004,P105,Tool C,Home,240.09,2,11.82,468.36,UPI,32,Other,South,122.91
T100553,2025-07-07,S001,P105,Widget A,Outdoor,168.52,1,25.12,143.4,Credit Card,52,Male,North,37.63
T100554,2025-07-08,S002,P105,Tool C,Hardware,466.83,1,44.0,422.83,Cash,57,Other,North,110.96
T100555,2025-07-09,S004,P103,Tool C,Hardware,147.48,5,2.4,735.0,Cash,37,Other,West,192.88
T100556,2025-07-10,S003,P101,Tool C,Electronics,261.14,4,46.72,997.8399999999999,Credit Card,54,Other,South,261.85
T100557,2025-07-11,S002,P105,Gadget B,Hardware,497.05,8,22.28,3954.12,Net Banking,49,Other,East,1037.63
T100558,2025-07-12,S004,P103,Device D,Outdoor,168.58,4,2.92,671.4000000000001,Cash,31,Female,East,176.19
T100559,2025-07-13,S002,P103,Widget A,Outdoor,179.41,7,33.15,1222.7199999999998,Net Banking,18,Other,West,320.86
T100560,2025-07-14,S002,P102,Device D,Hardware,241.27,8,14.53,1915.63,Net Banking,33,Other,North,502.7
T100561,2025-07-15,S004,P102,Device D,Home,71.34,5,22.83,333.87000000000006,Net Banking,44,Male,West,87.61
T100562,2025-07-16,S004,P103,Tool C,Electronics,244.8,3,23.27,711.1300000000001,Net Banking,59,Male,South,186.61
T100563,2025-07-17,S002,P104,Widget A,Outdoor,105.01,6,19.93,610.1300000000001,UPI,41,Male,North,160.11
T100564,2025-07-18,S002,P104,Tool C,Hardware,241.17,8,47.43,1881.9299999999998,Cash,63,Other,East,493.85
T100565,2025-07-19,S002,P103,Gadget B,Home,267.17,4,22.25,1046.43,Net Banking,31,Female,North,274.6
T100566,2025-07-20,S002,P105,Device D,Home,129.28,9,48.62,1114.9,Cash,52,Female,North,292.57
T100567,2025-07-21,S004,P105,Gadget B,Home,375.45,5,7.33,1869.92,Credit Card,29,Male,West,490.7
T100568,2025-07-22,S003,P101,Widget A,Home,307.62,8,27.89,2433.07,Net Banking,51,Other,East,638.48
T100569,2025-07-23,S002,P104,Widget A,Outdoor,434.28,5,18.6,2152.7999999999997,Credit Card,19,Female,West,564.93
T100570,2025-07-24,S002,P105,Gadget B,Outdoor,252.36,5,47.58,1214.2200000000003,Net Banking,27,Male,East,318.63
T100571,2025-07-25,S004,P104,Widget A,Electronics,71.3,8,9.27,561.13,Net Banking,60,Other,North,147.25
T100572,2025-07-26,S001,P104,Gadget B,Home,119.27,2,17.82,220.72,Cash,43,Female,West,57.92
T100573,2025-07-27,S004,P102,Tool C,Home,266.25,6,39.7,1557.8,Net Banking,31,Male,East,408.79
T100574,2025-07-28,S004,P105,Tool C,Hardware,309.74,7,21.75,2146.4300000000003,UPI,21,Other,South,563.26
T100575,2025-07-29,S004,P103,Gadget B,Outdoor,453.03,4,4.02,1808.1,Net Banking,41,Other,North,474.48
T100576,2025-07-30,S004,P101,Tool C,Home,353.9,4,38.58,1377.02,Credit Card,38,Other,West,361.35
T100577,2025-07-31,S004,P102,Tool C,Electronics,393.26,4,44.5,1528.54,Net Banking,53,Other,North,401.12
T100578,2025-08-01,S003,P104,Tool C,Electronics,376.46,5,1.96,1880.34,Net Banking,27,Other,West,493.44
T100579,2025-08-02,S003,P105,Widget A,Outdoor,108.11,7,4.41,752.36,Net Banking,30,Other,East,197.43
T100580,2025-08-03,S001,P101,Tool C,Electronics,218.66,8,25.42,1723.86,Cash,60,Male,West,452.37
T100581,2025-08-04,S004,P105,Gadget B,Outdoor,184.9,4,45.26,694.34,Cash,19,Female,West,182.21
T100582,2025-08-05,S002,P101,Gadget B,Outdoor,279.07,5,40.38,1354.9699999999998,Credit Card,48,Female,West,355.57
T100583,2025-08-06,S002,P102,Gadget B,Outdoor,34.48,2,2.74,66.22,Net Banking,25,Other,East,17.38
T100584,2025-08-07,S002,P105,Widget A,Hardware,26.67,7,8.82,177.87,Cash,26,Male,West,46.68
T100585,2025-08-08,S002,P105,Gadget B,Electronics,277.18,7,10.61,1929.65,Net Banking,50,Male,South,506.37
T100586,2025-08-09,S001,P102,Widget A,Hardware,318.0,2,33.74,602.26,Net Banking,46,Male,East,158.04
T100587,2025-08-10,S003,P105,Device D,Outdoor,396.76,5,5.87,1977.93,UPI,64,Other,East,519.04
T100588,2025-08-11,S001,P104,Tool C,Outdoor,103.98,5,18.4,501.5,Net Banking,43,Other,South,131.6
T100589,2025-08-12,S002,P103,Gadget B,Home,199.52,6,25.96,1171.16,UPI,26,Male,South,307.33
T100590,2025-08-13,S001,P104,Widget A,Electronics,335.29,1,4.16,331.13,Net Banking,41,Other,West,86.89
T100591,2025-08-14,S001,P105,Widget A,Electronics,262.7,4,49.46,1001.3399999999999,Cash,55,Other,East,262.77
T100592,2025-08-15,S002,P102,Gadget B,Electronics,96.98,5,17.72,467.18000000000006,Credit Card,21,Female,North,122.6
T100593,2025-08-16,S002,P105,Device D,Electronics,178.49,7,4.18,1245.25,Cash,30,Male,North,326.78
T100594,2025-08-17,S004,P101,Gadget B,Electronics,364.08,6,23.28,2161.2,Cash,57,Male,West,567.14
T100595,2025-08-18,S004,P101,Widget A,Hardware,67.16,3,32.86,168.62,Cash,64,Other,North,44.25
T100596,2025-08-19,S003,P103,Tool C,Hardware,326.47,2,25.38,627.5600000000001,UPI,25,Male,South,164.68
T100597,2025-08-20,S003,P101,Tool C,Outdoor,325.86,4,3.1,1300.3400000000001,Net Banking,36,Female,North,341.23
T100598,2025-08-21,S001,P104,Device D,Electronics,162.74,7,31.32,1107.8600000000001,Net Banking,53,Female,North,290.72
T100599,2025-08-22,S004,P103,Gadget B,Outdoor,142.54,4,27.99,542.17,Net Banking,38,Female,West,142.28
T100600,2025-08-23,S001,P101,Gadget B,Hardware,426.0,6,49.39,2506.61,Net Banking,38,Other,East,657.78
T100601,2025-08-24,S002,P101,Tool C,Electronics,16.91,9,32.53,119.66,UPI,26,Other,South,31.4
T100602,2025-08-25,S004,P104,Gadget B,Outdoor,291.23,2,45.83,536.63,Credit Card,58,Male,South,140.82
T100603,2025-08-26,S002,P104,Widget A,Outdoor,217.02,1,26.74,190.28,UPI,45,Other,East,49.93
T100604,2025-08-27,S004,P103,Tool C,Home,53.07,7,2.9,368.59000000000003,Credit Card,64,Other,West,96.72
T100605,2025-08-28,S001,P101,Gadget B,Outdoor,205.45,3,44.28,572.0699999999999,Net Banking,18,Female,East,150.12
T100606,2025-08-29,S002,P104,Widget A,Home,228.92,3,46.57,640.1899999999999,Net Banking,29,Other,South,168.0
T100607,2025-08-30,S004,P101,Gadget B,Home,45.65,8,28.88,336.32,Credit Card,34,Other,South,88.26
T100608,2025-08-31,S004,P102,Gadget B,Electronics,272.2,5,42.8,1318.2,Net Banking,63,Other,West,345.92
T100609,2025-09-01,S002,P104,Widget A,Electronics,276.09,2,8.1,544.0799999999999,Credit Card,47,Other,North,142.78
T100610,2025-09-02,S002,P105,Widget A,Electronics,314.26,8,40.99,2473.09,Cash,61,Other,North,648.98
T100611,2025-09-03,S002,P104,Gadget B,Electronics,382.01,7,7.94,2666.1299999999997,Cash,27,Other,South,699.64
T100612,2025-09-04,S001,P105,Device D,Electronics,232.29,4,49.44,879.72,Credit Card,52,Male,North,230.85
T100613,2025-09-05,S002,P102,Device D,Electronics,174.5,8,45.31,1350.69,Cash,31,Other,West,354.45
T100614,2025-09-06,S003,P101,Gadget B,Outdoor,57.61,8,45.48,415.4,Net Banking,19,Female,West,109.01
T100615,2025-09-07,S003,P103,Tool C,Outdoor,201.4,9,47.95,1764.65,UPI,63,Female,East,463.08
T100616,2025-09-08,S002,P105,Widget A,Home,132.25,7,47.9,877.85,Net Banking,21,Other,North,230.36
T100617,2025-09-09,S003,P103,Gadget B,Outdoor,260.03,3,28.24,751.8499999999999,Net Banking,24,Male,North,197.3
T100618,2025-09-10,S003,P101,Widget A,Electronics,130.67,1,43.22,87.44999999999999,Net Banking,61,Female,North,22.95
T100619,2025-09-11,S002,P104,Device D,Outdoor,431.26,5,41.32,2114.98,Credit Card,59,Male,West,555.01
T100620,2025-09-12,S002,P103,Device D,Outdoor,230.21,4,37.37,883.47,UPI,52,Female,South,231.84
T100621,2025-09-13,S004,P103,Gadget B,Hardware,471.09,7,3.18,3294.45,UPI,20,Other,North,864.52
T100622,2025-09-14,S003,P101,Gadget B,Electronics,290.03,8,9.43,2310.81,UPI,41,Male,South,606.4
T100623,2025-09-15,S004,P103,Tool C,Home,297.52,4,27.79,1162.29,Cash,43,Male,East,305.01
T100624,2025-09-16,S004,P101,Widget A,Outdoor,94.09,1,4.21,89.88000000000001,Cash,60,Female,South,23.59
T100625,2025-09-17,S003,P101,Device D,Hardware,281.53,2,6.73,556.3299999999999,Net Banking,21,Male,South,145.99
T100626,2025-09-18,S004,P103,Widget A,Hardware,66.59,3,37.78,161.99,Credit Card,21,Female,South,42.51
T100627,2025-09-19,S003,P104,Gadget B,Home,260.94,4,5.25,1038.51,Cash,46,Male,East,272.52
T100628,2025-09-20,S004,P102,Device D,Outdoor,146.79,9,6.87,1314.24,UPI,55,Other,North,344.88
T100629,2025-09-21,S004,P102,Tool C,Hardware,14.84,2,10.25,19.43,Credit Card,20,Female,East,5.1
T100630,2025-09-22,S003,P105,Widget A,Outdoor,137.29,1,17.18,120.10999999999999,Net Banking,18,Other,South,31.52
T100631,2025-09-23,S001,P102,Widget A,Electronics,153.96,5,21.56,748.2400000000001,Credit Card,25,Male,South,196.35
T100632,2025-09-24,S003,P105,Device D,Electronics,472.89,2,11.71,934.0699999999999,Net Banking,55,Female,East,245.12
T100633,2025-09-25,S003,P104,Gadget B,Home,70.41,8,17.44,545.8399999999999,UPI,33,Other,South,143.24
T100634,2025-09-26,S003,P102,Tool C,Hardware,211.9,2,1.43,422.37,Net Banking,40,Other,East,110.84
T100635,2025-09-27,S002,P105,Gadget B,Outdoor,188.18,8,1.51,1503.93,Cash,41,Other,West,394.66
T100636,2025-09-28,S004,P103,Tool C,Outdoor,487.13,9,46.45,4337.72,Net Banking,50,Male,North,1138.3
T100637,2025-09-29,S001,P104,Gadget B,Electronics,186.43,8,14.84,1476.6000000000001,Net Banking,38,Male,West,387.49
T100638,2025-09-30,S001,P103,Gadget B,Outdoor,458.06,7,1.71,3204.71,Credit Card,35,Male,West,840.97
T100639,2025-10-01,S003,P101,Device D,Home,232.23,6,41.82,1351.56,Credit Card,22,Female,East,354.67
T100640,2025-10-02,S003,P101,Gadget B,Outdoor,171.24,5,8.61,847.59,UPI,63,Other,East,222.42
T100641,2025-10-03,S004,P103,Widget A,Hardware,88.61,2,12.08,165.14,Cash,37,Female,East,43.34
T100642,2025-10-04,S002,P102,Gadget B,Outdoor,475.81,8,5.85,3800.63,Cash,29,Other,East,997.35
T100643,2025-10-05,S002,P102,Tool C,Home,126.04,8,40.52,967.8000000000001,UPI,45,Male,South,253.97
T100644,2025-10-06,S004,P103,Device D,Electronics,34.84,1,37.38,-2.539999999999999,Credit Card,34,Female,West,-0.67
T100645,2025-10-07,S003,P104,Widget A,Outdoor,46.22,5,25.86,205.24,UPI,62,Female,West,53.86
T100646,2025-10-08,S003,P105,Gadget B,Home,440.46,4,15.25,1746.59,Net Banking,27,Male,East,458.34
T100647,2025-10-09,S003,P101,Gadget B,Outdoor,316.6,9,43.72,2805.6800000000003,Cash,21,Female,South,736.26
T100648,2025-10-10,S002,P101,Widget A,Hardware,249.0,3,9.64,737.36,UPI,38,Other,West,193.5
T100649,2025-10-11,S004,P101,Tool C,Home,29.31,2,8.04,50.58,UPI,25,Male,East,13.27
T100650,2025-10-12,S003,P104,Gadget B,Electronics,53.7,8,37.18,392.42,Credit Card,42,Other,North,102.98
T100651,2025-10-13,S004,P105,Gadget B,Electronics,392.89,5,20.07,1944.3799999999999,Cash,31,Other,South,510.24
T100652,2025-10-14,S001,P103,Widget A,Hardware,256.0,3,24.48,743.52,Credit Card,37,Male,East,195.11
T100653,2025-10-15,S003,P102,Widget A,Electronics,122.57,5,0.5,612.3499999999999,UPI,26,Male,West,160.69
T100654,2025-10-16,S001,P103,Tool C,Outdoor,194.58,5,21.76,951.1400000000001,Credit Card,63,Other,East,249.6
T100655,2025-10-17,S002,P101,Gadget B,Hardware,450.44,1,32.95,417.49,UPI,55,Other,North,109.56
T100656,2025-10-18,S002,P103,Widget A,Home,286.08,4,25.75,1118.57,Cash,45,Male,South,293.53
T100657,2025-10-19,S004,P105,Gadget B,Electronics,214.67,8,35.65,1681.7099999999998,Credit Card,64,Male,East,441.31
T100658,2025-10-20,S004,P104,Device D,Home,408.56,7,19.16,2840.76,UPI,57,Other,South,745.47
T100659,2025-10-21,S004,P102,Gadget B,Electronics,218.23,7,7.71,1519.8999999999999,Cash,37,Female,North,398.85
T100660,2025-10-22,S003,P101,Device D,Electronics,83.21,1,12.8,70.41,UPI,31,Male,North,18.48
T100661,2025-10-23,S001,P105,Widget A,Electronics,32.02,8,2.1,254.06000000000003,UPI,34,Male,North,66.67
T100662,2025-10-24,S003,P103,Tool C,Electronics,408.15,3,4.17,1220.2799999999997,Cash,33,Female,South,320.22
T100663,2025-10-25,S003,P102,Tool C,Outdoor,83.18,1,29.97,53.21000000000001,UPI,42,Other,North,13.96
T100664,2025-10-26,S001,P105,Device D,Electronics,64.17,9,47.1,530.43,Cash,36,Female,West,139.19
T100665,2025-10-27,S001,P103,Widget A,Outdoor,408.2,3,31.63,1192.9699999999998,Net Banking,51,Male,West,313.06
T100666,2025-10-28,S001,P104,Widget A,Outdoor,59.99,7,17.13,402.8,Net Banking,52,Other,South,105.7
T100667,2025-10-29,S002,P101,Gadget B,Outdoor,47.2,6,37.47,245.73000000000005,Net Banking,29,Other,North,64.48
T100668,2025-10-30,S004,P101,Device D,Home,437.62,1,30.4,407.22,Cash,28,Other,West,106.86
T100669,2025-10-31,S004,P101,Gadget B,Electronics,84.15,8,13.71,659.49,Cash,19,Other,South,173.06
T100670,2025-11-01,S001,P102,Device D,Outdoor,338.18,9,44.26,2999.3599999999997,UPI,46,Other,East,787.09
T100671,2025-11-02,S002,P101,Device D,Hardware,344.11,7,42.34,2366.43,Net Banking,24,Female,North,620.99
T100672,2025-11-03,S004,P103,Tool C,Electronics,326.93,7,22.26,2266.25,Net Banking,34,Male,South,594.7
T100673,2025-11-04,S004,P103,Widget A,Home,297.18,1,35.19,261.99,Credit Card,29,Other,South,68.75
T100674,2025-11-05,S001,P104,Gadget B,Outdoor,321.08,2,9.99,632.17,Credit Card,60,Other,West,165.89
T100675,2025-11-06,S001,P101,Widget A,Hardware,79.73,4,12.26,306.66,UPI,33,Other,West,80.47
T100676,2025-11-07,S001,P103,Gadget B,Hardware,205.11,8,25.5,1615.38,Cash,64,Female,South,423.9
T100677,2025-11-08,S002,P105,Device D,Hardware,12.91,1,48.69,-35.78,Net Banking,31,Other,North,-9.39
T100678,2025-11-09,S003,P102,Widget A,Hardware,436.82,4,5.82,1741.46,Net Banking,62,Other,North,456.99
T100679,2025-11-10,S004,P103,Gadget B,Outdoor,104.07,6,27.34,597.0799999999999,Net Banking,62,Other,East,156.68
T100680,2025-11-11,S002,P101,Device D,Electronics,37.12,3,15.75,95.60999999999999,UPI,61,Female,East,25.09
T100681,2025-11-12,S003,P105,Device D,Outdoor,419.09,5,42.79,2052.66,Credit Card,48,Other,North,538.66
T100682,2025-11-13,S004,P101,Widget A,Hardware,446.66,3,29.85,1310.13,Cash,60,Female,West,343.8
T100683,2025-11-14,S004,P104,Gadget B,Home,18.2,9,16.88,146.92,Net Banking,29,Other,East,38.55
T100684,2025-11-15,S004,P104,Device D,Hardware,132.55,3,8.17,389.48,UPI,51,Male,West,102.21
T100685,2025-11-16,S004,P103,Tool C,Hardware,388.33,3,29.0,1135.99,Credit Card,40,Male,North,298.1
T100686,2025-11-17,S001,P105,Tool C,Electronics,297.85,8,29.05,2353.75,Net Banking,22,Other,West,617.67
T100687,2025-11-18,S004,P102,Gadget B,Hardware,243.6,6,4.13,1457.4699999999998,Cash,30,Male,North,382.47
T100688,2025-11-19,S004,P103,Device D,Outdoor,118.86,2,15.32,222.4,Net Banking,20,Female,North,58.36
T100689,2025-11-20,S001,P105,Widget A,Home,32.02,8,23.84,232.32000000000002,Credit Card,29,Other,South,60.96
T100690,2025-11-21,S003,P105,Tool C,Hardware,405.1,7,44.15,2791.55,Credit Card,51,Male,West,732.55
T100691,2025-11-22,S001,P104,Device D,Electronics,228.29,7,43.86,1554.17,UPI,45,Other,South,407.84
T100692,2025-11-23,S003,P101,Gadget B,Electronics,28.57,1,29.98,-1.4100000000000001,Credit Card,29,Other,West,-0.37
T100693,2025-11-24,S002,P101,Tool C,Outdoor,66.98,3,49.55,151.39,Net Banking,38,Female,East,39.73
T100694,2025-11-25,S004,P105,Tool C,Home,53.88,9,40.87,444.05,Net Banking,45,Male,East,116.53
T100695,2025-11-26,S004,P103,Gadget B,Hardware,253.99,4,38.49,977.47,Cash,36,Other,North,256.51
T100696,2025-11-27,S004,P105,Device D,Hardware,70.36,2,27.11,113.61,UPI,48,Female,South,29.81
T100697,2025-11-28,S004,P102,Tool C,Home,72.95,9,37.17,619.3800000000001,UPI,33,Female,West,162.54
T100698,2025-11-29,S001,P102,Gadget B,Electronics,297.91,7,37.6,2047.7700000000004,Cash,63,Female,East,537.37
T100699,2025-11-30,S003,P102,Device D,Hardware,448.79,4,2.64,1792.52,Cash,51,Male,East,470.39
T100700,2025-12-01,S001,P105,Device D,Outdoor,281.08,6,20.11,1666.3700000000001,Net Banking,58,Male,North,437.29
T100701,2025-12-02,S003,P105,Device D,Home,463.56,4,27.28,1826.96,Cash,52,Female,North,479.43
T100702,2025-12-03,S002,P102,Device D,Hardware,339.2,7,47.86,2326.54,Net Banking,37,Other,West,610.53
T100703,2025-12-04,S004,P104,Widget A,Outdoor,482.49,6,2.06,2892.88,Cash,38,Female,North,759.14
T100704,2025-12-05,S004,P105,Tool C,Hardware,190.93,7,48.74,1287.77,Cash,31,Other,South,337.93
T100705,2025-12-06,S001,P103,Tool C,Outdoor,440.75,1,49.09,391.65999999999997,UPI,29,Female,North,102.78
T100706,2025-12-07,S002,P103,Device D,Home,269.62,4,0.88,1077.6,Net Banking,23,Female,South,282.78
T100707,2025-12-08,S001,P104,Gadget B,Hardware,232.51,6,46.85,1348.21,Net Banking,33,Female,South,353.79
T100708,2025-12-09,S004,P104,Widget A,Electronics,344.88,1,27.23,317.65,Cash,26,Other,South,83.36
T100709,2025-12-10,S001,P103,Widget A,Electronics,299.17,4,37.9,1158.78,Credit Card,35,Male,South,304.08
T100710,2025-12-11,S002,P105,Gadget B,Hardware,159.42,9,22.77,1412.01,Cash,33,Other,North,370.54
T100711,2025-12-12,S001,P103,Device D,Home,228.8,5,29.09,1114.91,Cash,28,Female,South,292.57
T100712,2025-12-13,S001,P104,Tool C,Home,387.76,2,15.85,759.67,Net Banking,27,Other,East,199.35
T100713,2025-12-14,S002,P102,Tool C,Home,358.26,7,33.47,2474.35,Net Banking,49,Male,West,649.31
T100714,2025-12-15,S001,P101,Widget A,Electronics,339.03,2,22.74,655.3199999999999,Credit Card,58,Female,East,171.97
T100715,2025-12-16,S001,P104,Gadget B,Home,138.31,8,45.28,1061.2,Cash,21,Other,North,278.48
T100716,2025-12-17,S003,P105,Device D,Outdoor,376.48,2,19.07,733.89,UPI,48,Other,South,192.59
T100717,2025-12-18,S002,P104,Gadget B,Outdoor,406.33,7,43.21,2801.1,Net Banking,40,Male,East,735.06
T100718,2025-12-19,S001,P105,Tool C,Hardware,425.75,3,42.61,1234.64,UPI,25,Male,East,323.99
T100719,2025-12-20,S003,P104,Device D,Hardware,388.57,3,8.37,1157.3400000000001,Net Banking,62,Other,West,303.71
T100720,2025-12-21,S002,P105,Tool C,Hardware,252.22,1,11.02,241.2,Credit Card,19,Female,East,63.3
T100721,2025-12-22,S004,P105,Gadget B,Electronics,311.32,2,10.35,612.29,UPI,61,Female,North,160.68
T100722,2025-12-23,S002,P104,Device D,Electronics,308.27,1,23.94,284.33,Net Banking,28,Other,North,74.61
T100723,2025-12-24,S003,P103,Gadget B,Outdoor,157.71,3,1.25,471.88,UPI,20,Male,South,123.83
T100724,2025-12-25,S002,P104,Device D,Outdoor,491.47,2,12.83,970.11,Cash,32,Female,North,254.57
T100725,2025-12-26,S001,P102,Gadget B,Electronics,152.42,2,11.09,293.75,UPI,25,Other,West,77.09
T100726,2025-12-27,S001,P105,Widget A,Hardware,80.0,9,22.62,697.38,Cash,52,Other,West,183.01
T100727,2025-12-28,S003,P103,Tool C,Hardware,23.76,5,21.65,97.15,Credit Card,36,Male,South,25.49
T100728,2025-12-29,S003,P102,Device D,Hardware,233.93,2,3.4,464.46000000000004,Credit Card,38,Female,West,121.88
T100729,2025-12-30,S002,P101,Device D,Outdoor,439.71,6,16.54,2621.72,Net Banking,52,Female,East,687.99
T100730,2025-12-31,S002,P103,Gadget B,Hardware,361.17,9,25.61,3224.92,Net Banking,57,Other,South,846.28
T100731,2026-01-01,S001,P105,Device D,Home,326.57,5,21.84,1611.01,Cash,50,Male,East,422.76
T100732,2026-01-02,S003,P102,Widget A,Outdoor,342.51,7,8.44,2389.1299999999997,Credit Card,49,Other,West,626.95
T100733,2026-01-03,S004,P104,Widget A,Hardware,427.02,3,24.92,1256.1399999999999,Cash,62,Female,South,329.63
T100734,2026-01-04,S003,P105,Widget A,Home,160.72,5,43.82,759.78,Net Banking,28,Male,West,199.38
T100735,2026-01-05,S003,P103,Widget A,Electronics,17.02,2,21.35,12.689999999999998,Net Banking,57,Male,West,3.33
T100736,2026-01-06,S001,P104,Tool C,Hardware,474.75,2,39.88,909.62,Credit Card,56,Male,South,238.7
T100737,2026-01-07,S003,P105,Gadget B,Electronics,165.34,7,24.37,1133.0100000000002,Credit Card,50,Other,East,297.32
T100738,2026-01-08,S003,P103,Tool C,Home,44.44,8,16.92,338.59999999999997,Net Banking,53,Other,West,88.85
T100739,2026-01-09,S003,P101,Tool C,Electronics,271.91,2,7.07,536.75,Cash,24,Female,West,140.85
T100740,2026-01-10,S004,P105,Device D,Outdoor,186.91,9,5.7,1676.49,UPI,22,Male,East,439.94
T100741,2026-01-11,S001,P104,Widget A,Hardware,180.66,5,25.5,877.8,Net Banking,22,Male,South,230.35
T100742,2026-01-12,S004,P101,Device D,Home,374.91,6,45.08,2204.38,UPI,33,Other,South,578.47
T100743,2026-01-13,S003,P103,Gadget B,Outdoor,211.34,1,38.68,172.66,Credit Card,54,Other,East,45.31
T100744,2026-01-14,S004,P103,Tool C,Home,460.27,3,16.49,1364.32,Net Banking,23,Other,North,358.02
T100745,2026-01-15,S002,P105,Tool C,Home,462.72,2,14.4,911.0400000000001,Cash,34,Male,North,239.07
T100746,2026-01-16,S001,P104,Gadget B,Electronics,185.29,4,43.58,697.5799999999999,UPI,18,Female,South,183.06
T100747,2026-01-17,S004,P103,Gadget B,Hardware,261.32,2,21.33,501.31,Cash,47,Female,North,131.55
T100748,2026-01-18,S003,P104,Tool C,Outdoor,365.01,8,42.27,2877.81,Cash,26,Other,North,755.19
T100749,2026-01-19,S001,P104,Tool C,Outdoor,410.73,3,7.81,1224.38,Cash,61,Other,North,321.3
T100750,2026-01-20,S004,P104,Widget A,Outdoor,26.62,3,35.47,44.39,Cash,39,Other,East,11.65
T100751,2026-01-21,S001,P102,Widget A,Electronics,287.7,5,30.33,1408.17,Credit Card,29,Other,North,369.53
T100752,2026-01-22,S001,P104,Gadget B,Hardware,461.55,7,40.52,3190.33,Cash,59,Female,East,837.2
T100753,2026-01-23,S002,P101,Tool C,Outdoor,134.16,4,23.67,512.97,Cash,29,Male,East,134.61
T100754,2026-01-24,S003,P105,Widget A,Home,487.72,3,9.11,1454.0500000000002,Net Banking,49,Other,East,381.57
T100755,2026-01-25,S002,P105,Widget A,Outdoor,261.76,1,19.19,242.57,Credit Card,52,Female,East,63.65
T100756,2026-01-26,S004,P102,Widget A,Outdoor,119.67,5,25.7,572.65,Credit Card,48,Other,South,150.27
T100757,2026-01-27,S003,P102,Device D,Hardware,146.79,7,18.92,1008.61,Credit Card,22,Other,West,264.68
T100758,2026-01-28,S003,P105,Tool C,Electronics,387.93,4,11.1,1540.6200000000001,Cash,31,Female,West,404.29
T100759,2026-01-29,S001,P104,Tool C,Home,42.35,8,45.08,293.72,Credit Card,21,Other,West,77.08
T100760,2026-01-30,S001,P104,Widget A,Home,345.41,5,21.44,1705.6100000000001,UPI,64,Other,South,447.58
T100761,2026-01-31,S003,P102,Device D,Electronics,112.47,5,31.47,530.88,Net Banking,49,Female,South,139.31
T100762,2026-02-01,S004,P104,Widget A,Electronics,168.33,2,18.52,318.14000000000004,Net Banking,54,Male,North,83.49
T100763,2026-02-02,S002,P102,Widget A,Hardware,419.77,8,35.39,3322.77,Credit Card,19,Other,West,871.95
T100764,2026-02-03,S001,P104,Device D,Electronics,154.39,8,43.56,1191.56,UPI,54,Other,South,312.69
T100765,2026-02-04,S002,P105,Tool C,Home,216.29,5,20.44,1061.01,Credit Card,35,Female,West,278.43
T100766,2026-02-05,S001,P104,Gadget B,Home,125.08,7,9.69,865.8699999999999,UPI,45,Other,West,227.22
T100767,2026-02-06,S002,P104,Gadget B,Hardware,371.39,9,24.61,3317.8999999999996,Cash,34,Female,West,870.68
T100768,2026-02-07,S004,P102,Widget A,Home,63.87,3,38.45,153.15999999999997,Net Banking,41,Other,South,40.19
T100769,2026-02-08,S001,P102,Device D,Home,226.57,8,17.69,1794.87,UPI,25,Female,North,471.01
T100770,2026-02-09,S001,P103,Tool C,Outdoor,207.24,2,45.25,369.23,Cash,21,Male,South,96.89
T100771,2026-02-10,S004,P103,Gadget B,Home,437.27,8,34.27,3463.89,UPI,33,Female,East,908.99
T100772,2026-02-11,S003,P104,Device D,Outdoor,164.07,9,21.38,1455.2499999999998,Cash,47,Male,East,381.88
T100773,2026-02-12,S001,P101,Widget A,Home,494.63,8,41.78,3915.2599999999998,Credit Card,61,Female,South,1027.43
T100774,2026-02-13,S002,P101,Tool C,Hardware,119.58,3,6.3,352.44,Cash,33,Other,West,92.49
T100775,2026-02-14,S002,P104,Tool C,Outdoor,429.59,6,5.22,2572.32,UPI,43,Male,West,675.02
T100776,2026-02-15,S004,P102,Gadget B,Hardware,388.68,5,47.82,1895.5800000000002,Cash,22,Female,North,497.43
T100777,2026-02-16,S003,P103,Gadget B,Hardware,178.58,4,48.98,665.34,Credit Card,49,Male,East,174.6
T100778,2026-02-17,S003,P101,Device D,Home,86.5,1,10.26,76.24,Cash,57,Other,North,20.01
T100779,2026-02-18,S004,P105,Gadget B,Outdoor,86.09,5,16.74,413.71000000000004,Credit Card,35,Female,North,108.56
T100780,2026-02-19,S001,P105,Gadget B,Hardware,223.13,3,35.09,634.3,UPI,32,Male,North,166.45
T100781,2026-02-20,S001,P102,Device D,Hardware,479.48,6,43.07,2833.81,Net Banking,62,Male,South,743.64
T100782,2026-02-21,S004,P101,Gadget B,Home,49.42,4,6.05,191.63,Credit Card,30,Other,North,50.29
T100783,2026-02-22,S004,P101,Device D,Outdoor,245.05,5,39.04,1186.21,UPI,27,Female,West,311.28
T100784,2026-02-23,S003,P102,Gadget B,Electronics,10.65,4,46.74,-4.140000000000001,Cash,19,Other,South,-1.09
T100785,2026-02-24,S002,P103,Tool C,Home,431.53,2,22.42,840.64,Credit Card,40,Other,North,220.6
T100786,2026-02-25,S001,P104,Tool C,Hardware,24.95,4,45.58,54.22,UPI,53,Other,East,14.23
T100787,2026-02-26,S002,P101,Device D,Electronics,235.32,9,37.27,2080.61,Cash,42,Male,South,545.99
T100788,2026-02-27,S002,P105,Gadget B,Home,360.99,8,11.64,2876.28,Cash,20,Female,West,754.79
T100789,2026-02-28,S001,P102,Gadget B,Home,25.86,4,8.65,94.78999999999999,UPI,49,Other,East,24.87
T100790,2026-03-01,S002,P105,Tool C,Home,99.95,1,40.57,59.38,UPI,49,Female,South,15.58
T100791,2026-03-02,S002,P103,Widget A,Home,417.63,5,16.36,2071.79,Cash,27,Female,South,543.68
T100792,2026-03-03,S003,P101,Device D,Hardware,408.55,3,35.7,1189.95,Net Banking,18,Female,North,312.26
T100793,2026-03-04,S001,P103,Gadget B,Electronics,401.8,8,12.88,3201.52,Credit Card,44,Female,West,840.14
T100794,2026-03-05,S003,P103,Widget A,Outdoor,120.51,1,30.83,89.68,UPI,49,Female,East,23.53
T100795,2026-03-06,S002,P103,Device D,Hardware,190.91,6,40.92,1104.54,Credit Card,32,Male,North,289.85
T100796,2026-03-07,S001,P101,Device D,Outdoor,186.94,6,24.37,1097.27,UPI,49,Other,North,287.94
T100797,2026-03-08,S002,P105,Tool C,Outdoor,321.96,2,49.45,594.4699999999999,UPI,30,Other,South,156.0
T100798,2026-03-09,S003,P103,Tool C,Electronics,133.81,7,0.31,936.3600000000001,Credit Card,55,Other,East,245.72
T100799,2026-03-10,S001,P105,Device D,Electronics,88.08,3,33.91,230.33,Cash,60,Male,East,60.44
